team_a,team_b,a_goals,b_goals,comp,year
MAR,COD,3,0,friendly,2006
EGY,RSA,1,2,friendly,2006
SEN,COD,0,0,friendly,2006
TUN,GHA,2,0,friendly,2006
CIV,JOR,2,0,friendly,2006
KSA,SWE,1,1,friendly,2006
MAR,CIV,0,1,competitive,2006
USA,CAN,0,0,friendly,2006
JOR,SWE,0,0,friendly,2006
EGY,MAR,0,0,competitive,2006
MEX,NOR,2,1,friendly,2006
TUN,RSA,2,0,competitive,2006
GHA,SEN,1,0,competitive,2006
EGY,CIV,3,1,competitive,2006
KOR,CRO,2,0,competitive,2006
USA,NOR,5,0,friendly,2006
EGY,COD,4,1,competitive,2006
EGY,SEN,2,1,competitive,2006
EGY,CIV,0,0,competitive,2006
USA,JPN,3,2,friendly,2006
MEX,KOR,0,1,friendly,2006
BIH,JPN,2,2,friendly,2006
ARG,CRO,2,3,friendly,2006
AUT,CAN,0,2,friendly,2006
ENG,URU,2,1,friendly,2006
MEX,GHA,1,0,friendly,2006
NED,ECU,1,0,friendly,2006
QAT,UZB,2,1,qualifier,2006
KSA,POR,0,3,friendly,2006
SCO,SUI,1,3,friendly,2006
SEN,NOR,2,1,friendly,2006
ESP,CIV,3,2,friendly,2006
TUR,CZE,2,2,friendly,2006
KSA,IRQ,2,2,friendly,2006
GER,USA,4,1,friendly,2006
MEX,PAR,2,1,friendly,2006
JPN,ECU,1,0,friendly,2006
BEL,KSA,2,1,friendly,2006
MEX,COD,2,1,friendly,2006
JPN,SCO,0,0,competitive,2006
AUT,CRO,1,4,friendly,2006
KOR,SEN,1,1,friendly,2006
USA,MAR,0,1,friendly,2006
BEL,TUR,3,3,friendly,2006
COL,ECU,1,1,friendly,2006
NOR,PAR,2,2,friendly,2006
CZE,KSA,2,0,friendly,2006
KOR,BIH,2,0,friendly,2006
TUR,GHA,1,1,friendly,2006
FRA,MEX,1,0,friendly,2006
POR,CPV,4,1,friendly,2006
SUI,CIV,1,1,friendly,2006
CRO,IRN,2,2,friendly,2006
GER,JPN,2,2,friendly,2006
IRN,BIH,5,2,friendly,2006
KSA,TUR,0,1,friendly,2006
NED,MEX,2,1,friendly,2006
NOR,KOR,0,0,friendly,2006
GER,COL,3,0,friendly,2006
TUN,URU,0,0,friendly,2006
ESP,EGY,2,0,friendly,2006
BRA,NZL,4,0,friendly,2006
COL,MAR,2,0,friendly,2006
GHA,KOR,3,1,friendly,2006
NED,AUS,1,1,friendly,2006
ESP,CRO,2,1,friendly,2006
ARG,CIV,2,1,competitive,2006
ENG,PAR,1,0,competitive,2006
MEX,IRN,3,1,competitive,2006
AUS,JPN,3,1,competitive,2006
USA,CZE,0,3,competitive,2006
BRA,CRO,1,0,competitive,2006
FRA,SUI,0,0,competitive,2006
TUN,KSA,2,2,competitive,2006
SWE,PAR,1,0,competitive,2006
NED,CIV,2,1,competitive,2006
CZE,GHA,0,2,competitive,2006
POR,IRN,2,0,competitive,2006
BRA,AUS,2,0,competitive,2006
FRA,KOR,1,1,competitive,2006
JPN,CRO,0,0,competitive,2006
ESP,TUN,3,1,competitive,2006
GER,ECU,3,0,competitive,2006
SWE,ENG,2,2,competitive,2006
NED,ARG,0,0,competitive,2006
POR,MEX,2,1,competitive,2006
CRO,AUS,2,2,competitive,2006
GHA,USA,2,1,competitive,2006
JPN,BRA,1,4,competitive,2006
KSA,ESP,0,1,competitive,2006
SUI,KOR,2,0,competitive,2006
ARG,MEX,2,1,competitive,2006
GER,SWE,2,0,competitive,2006
ENG,ECU,1,0,competitive,2006
POR,NED,1,0,competitive,2006
BRA,GHA,3,0,competitive,2006
ESP,FRA,1,3,competitive,2006
GER,ARG,1,1,competitive,2006
BRA,FRA,0,1,competitive,2006
ENG,POR,0,0,competitive,2006
POR,FRA,0,1,competitive,2006
GER,POR,3,1,competitive,2006
JOR,IRQ,2,1,friendly,2006
JOR,IRQ,0,1,friendly,2006
BIH,FRA,1,2,friendly,2006
EGY,URU,0,2,friendly,2006
GER,SWE,3,0,friendly,2006
CIV,SEN,0,1,friendly,2006
NOR,BRA,1,1,friendly,2006
KOR,IRN,1,1,qualifier,2006
ARG,BRA,0,3,friendly,2006
KSA,JPN,1,0,qualifier,2006
IRN,IRQ,2,0,friendly,2006
JPN,GHA,0,1,friendly,2006
JOR,IRN,0,0,friendly,2006
AUS,PAR,1,1,friendly,2006
SCO,FRA,1,0,qualifier,2006
SWE,ESP,2,0,qualifier,2006
KOR,GHA,1,3,friendly,2006
BRA,ECU,2,1,friendly,2006
AUT,SUI,2,1,friendly,2006
CRO,ENG,2,0,qualifier,2006
ESP,ARG,2,1,friendly,2006
KSA,JOR,2,1,friendly,2006
AUS,GHA,1,1,friendly,2006
EGY,RSA,1,0,friendly,2006
IRN,KOR,2,0,qualifier,2006
CIV,SWE,1,0,friendly,2006
JPN,KSA,3,1,qualifier,2006
NED,ENG,1,1,friendly,2006
SUI,BRA,1,2,friendly,2006
UZB,QAT,2,0,qualifier,2006
ECU,SWE,2,1,friendly,2007
QAT,IRQ,0,1,competitive,2007
ECU,SWE,1,1,friendly,2007
KSA,QAT,1,1,competitive,2007
KSA,IRQ,1,0,competitive,2007
POR,BRA,2,0,friendly,2007
BEL,CZE,0,2,friendly,2007
COL,URU,1,3,friendly,2007
CRO,NOR,2,1,friendly,2007
EGY,SWE,2,0,friendly,2007
ENG,ESP,0,1,friendly,2007
FRA,ARG,0,1,friendly,2007
GER,SUI,3,1,friendly,2007
MAR,TUN,1,1,friendly,2007
USA,MEX,2,0,friendly,2007
ALG,CPV,2,0,qualifier,2007
AUT,GHA,1,1,friendly,2007
CZE,GER,1,2,qualifier,2007
HAI,PAN,3,0,friendly,2007
KOR,URU,0,2,friendly,2007
NOR,BIH,1,2,qualifier,2007
POR,BEL,4,0,qualifier,2007
QAT,IRN,0,1,friendly,2007
COL,SUI,3,1,friendly,2007
MEX,PAR,2,1,friendly,2007
USA,ECU,3,1,friendly,2007
BRA,GHA,1,0,friendly,2007
COL,PAR,2,0,friendly,2007
FRA,AUT,1,0,friendly,2007
MEX,ECU,4,2,friendly,2007
TUR,NOR,2,2,qualifier,2007
PAN,COL,0,4,friendly,2007
AUT,SCO,0,1,friendly,2007
ENG,BRA,1,1,friendly,2007
AUS,URU,1,2,friendly,2007
AUT,PAR,0,0,friendly,2007
BEL,POR,1,2,qualifier,2007
BIH,TUR,3,2,qualifier,2007
CPV,ALG,2,2,qualifier,2007
KOR,NED,0,2,friendly,2007
MEX,IRN,4,0,friendly,2007
SUI,ARG,1,1,friendly,2007
ALG,ARG,3,4,friendly,2007
JPN,COL,0,0,competitive,2007
MEX,PAR,0,1,friendly,2007
TUR,BRA,0,0,friendly,2007
JOR,IRQ,1,1,friendly,2007
HAI,CAN,0,2,competitive,2007
JOR,IRQ,0,0,friendly,2007
MEX,PAN,1,0,competitive,2007
IRN,IRQ,0,0,competitive,2007
USA,PAN,2,1,competitive,2007
USA,CAN,2,1,competitive,2007
JOR,IRN,0,1,competitive,2007
COL,ECU,3,1,friendly,2007
IRQ,IRN,1,2,competitive,2007
USA,MEX,2,1,competitive,2007
BRA,MEX,0,2,competitive,2007
ARG,USA,4,1,competitive,2007
PAR,COL,5,0,competitive,2007
KOR,IRQ,3,0,friendly,2007
MEX,ECU,2,1,competitive,2007
ARG,COL,4,2,competitive,2007
IRQ,UZB,0,2,friendly,2007
USA,PAR,1,3,competitive,2007
BRA,ECU,1,0,competitive,2007
ARG,PAR,1,0,competitive,2007
COL,USA,1,0,competitive,2007
KOR,UZB,2,1,friendly,2007
MEX,PAR,6,0,competitive,2007
JPN,QAT,1,1,competitive,2007
URU,BRA,2,2,competitive,2007
IRN,UZB,2,1,competitive,2007
KOR,KSA,1,1,competitive,2007
MEX,ARG,0,3,competitive,2007
IRQ,AUS,3,1,competitive,2007
MEX,URU,3,1,competitive,2007
BRA,ARG,3,0,competitive,2007
JPN,AUS,1,1,competitive,2007
IRN,KOR,0,0,competitive,2007
KSA,UZB,2,1,competitive,2007
IRQ,KOR,0,0,competitive,2007
JPN,KSA,2,3,competitive,2007
KOR,JPN,0,0,competitive,2007
IRQ,KSA,1,0,competitive,2007
GHA,SEN,1,1,friendly,2007
ALG,BRA,0,2,friendly,2007
AUT,CZE,1,1,friendly,2007
BIH,CRO,3,5,friendly,2007
ENG,GER,1,2,friendly,2007
CIV,EGY,0,0,friendly,2007
MEX,COL,0,1,friendly,2007
NOR,ARG,2,1,friendly,2007
SCO,RSA,1,0,friendly,2007
SWE,USA,1,0,friendly,2007
SUI,NED,2,1,friendly,2007
AUT,JPN,0,0,friendly,2007
MAR,GHA,0,2,friendly,2007
MEX,PAN,1,0,friendly,2007
USA,BRA,2,4,friendly,2007
AUS,ARG,0,1,friendly,2007
KSA,GHA,5,0,friendly,2007
SUI,JPN,3,4,friendly,2007
COL,PAR,1,0,friendly,2007
FRA,SCO,0,1,qualifier,2007
MEX,BRA,1,3,friendly,2007
RSA,URU,0,0,friendly,2007
SUI,AUT,3,1,friendly,2007
COL,BRA,0,0,qualifier,2007
QAT,IRQ,3,2,friendly,2007
AUT,CIV,3,2,friendly,2007
BIH,NOR,0,2,qualifier,2007
BRA,ECU,5,0,qualifier,2007
GER,CZE,0,3,qualifier,2007
JPN,EGY,4,1,friendly,2007
PAR,URU,1,0,qualifier,2007
SUI,USA,0,1,friendly,2007
AUT,ENG,0,1,friendly,2007
FRA,MAR,2,2,friendly,2007
NOR,TUR,1,2,qualifier,2007
PAR,ECU,5,1,qualifier,2007
RSA,USA,0,1,friendly,2007
ESP,SWE,3,0,qualifier,2007
COL,ARG,2,1,qualifier,2007
RSA,CAN,2,0,friendly,2007
AUT,TUN,0,0,friendly,2007
BRA,URU,2,1,qualifier,2007
ENG,CRO,2,3,qualifier,2007
MAR,SEN,3,0,friendly,2007
QAT,CIV,1,6,friendly,2007
TUR,BIH,1,0,qualifier,2007
QAT,IRN,0,0,friendly,2008
USA,SWE,2,0,friendly,2008
TUN,SEN,2,2,competitive,2008
IRQ,JOR,1,1,friendly,2008
TUN,RSA,3,1,competitive,2008
GHA,MAR,2,0,competitive,2008
JPN,BIH,3,0,friendly,2008
SEN,RSA,1,1,competitive,2008
AUS,QAT,3,0,qualifier,2008
AUT,GER,0,3,friendly,2008
CRO,NED,0,3,friendly,2008
ENG,SUI,2,1,friendly,2008
ESP,FRA,1,0,friendly,2008
TUR,SWE,0,0,friendly,2008
URU,COL,2,2,friendly,2008
USA,MEX,2,2,friendly,2008
CIV,EGY,1,4,competitive,2008
GHA,CIV,4,2,competitive,2008
JPN,KOR,1,1,competitive,2008
QAT,JOR,2,1,friendly,2008
UZB,JOR,4,1,friendly,2008
ALG,COD,1,1,friendly,2008
AUT,NED,3,4,friendly,2008
BEL,MAR,1,4,friendly,2008
BRA,SWE,1,0,friendly,2008
ECU,HAI,3,1,friendly,2008
EGY,ARG,0,2,friendly,2008
FRA,ENG,1,0,friendly,2008
GHA,MEX,1,2,friendly,2008
CIV,TUN,0,2,friendly,2008
QAT,IRQ,2,0,qualifier,2008
SCO,CRO,1,1,friendly,2008
RSA,PAR,3,0,friendly,2008
SUI,GER,0,4,friendly,2008
UZB,KSA,3,0,qualifier,2008
CIV,PAR,1,1,competitive,2008
AUS,GHA,1,0,friendly,2008
JPN,CIV,1,0,competitive,2008
TUR,URU,2,3,friendly,2008
FRA,ECU,2,0,friendly,2008
JPN,PAR,0,0,competitive,2008
ENG,USA,2,0,friendly,2008
NOR,URU,2,2,friendly,2008
CZE,SCO,3,1,friendly,2008
BRA,CAN,3,2,friendly,2008
FRA,PAR,0,0,friendly,2008
KOR,JOR,2,2,qualifier,2008
SEN,ALG,1,0,qualifier,2008
AUS,IRQ,1,0,qualifier,2008
EGY,COD,2,1,qualifier,2008
FRA,COL,1,0,friendly,2008
MEX,ARG,1,4,friendly,2008
PAN,CAN,2,2,friendly,2008
ESP,USA,1,0,friendly,2008
IRQ,AUS,1,0,qualifier,2008
JOR,KOR,0,1,qualifier,2008
POR,TUR,2,0,competitive,2008
SUI,CZE,0,1,competitive,2008
AUT,CRO,0,1,competitive,2008
USA,ARG,0,0,friendly,2008
CZE,POR,1,3,competitive,2008
SUI,TUR,1,2,competitive,2008
CRO,GER,2,1,competitive,2008
NED,FRA,4,1,competitive,2008
QAT,AUS,1,3,qualifier,2008
SWE,ESP,1,2,competitive,2008
ARG,ECU,1,1,qualifier,2008
HAI,CUW,0,0,qualifier,2008
PAR,BRA,2,0,qualifier,2008
SUI,POR,2,0,competitive,2008
TUR,CZE,3,2,competitive,2008
AUT,GER,0,1,competitive,2008
ECU,COL,0,0,qualifier,2008
BRA,ARG,0,0,qualifier,2008
POR,GER,2,3,competitive,2008
CRO,TUR,1,1,competitive,2008
CUW,HAI,0,1,qualifier,2008
IRQ,QAT,0,1,qualifier,2008
KSA,UZB,4,0,qualifier,2008
GER,TUR,3,2,competitive,2008
GER,ESP,0,1,competitive,2008
IRN,QAT,6,1,competitive,2008
JOR,QAT,3,0,competitive,2008
IRN,JOR,2,1,competitive,2008
AUS,RSA,2,2,friendly,2008
COL,ECU,0,1,friendly,2008
ENG,CZE,2,2,friendly,2008
GER,BEL,2,0,friendly,2008
JPN,URU,1,3,friendly,2008
KSA,PAR,1,1,friendly,2008
SWE,FRA,2,3,friendly,2008
KSA,QAT,2,1,friendly,2008
ALG,SEN,3,2,qualifier,2008
KOR,JOR,1,0,friendly,2008
ARG,PAR,1,1,qualifier,2008
AUT,FRA,3,1,qualifier,2008
COL,URU,0,1,qualifier,2008
NED,AUS,1,2,friendly,2008
QAT,UZB,3,0,qualifier,2008
KSA,IRN,1,1,qualifier,2008
ESP,BIH,1,0,qualifier,2008
COD,EGY,0,1,qualifier,2008
CRO,ENG,1,4,qualifier,2008
MEX,CAN,2,1,qualifier,2008
TUR,BEL,1,1,qualifier,2008
URU,ECU,0,0,qualifier,2008
UZB,AUS,0,1,qualifier,2008
ARG,URU,2,1,qualifier,2008
COL,PAR,0,1,qualifier,2008
KOR,UZB,3,0,friendly,2008
SCO,NOR,0,0,qualifier,2008
SWE,POR,0,0,qualifier,2008
TUR,BIH,2,1,qualifier,2008
FRA,TUN,3,1,friendly,2008
AUS,QAT,4,0,qualifier,2008
BEL,ESP,1,2,qualifier,2008
BRA,COL,0,0,qualifier,2008
CAN,MEX,2,2,qualifier,2008
JPN,UZB,1,1,qualifier,2008
NOR,NED,0,1,qualifier,2008
RSA,GHA,2,1,friendly,2008
QAT,IRN,0,1,friendly,2008
MEX,ECU,2,1,friendly,2008
AUT,TUR,2,4,friendly,2008
BRA,POR,6,2,friendly,2008
FRA,URU,0,0,friendly,2008
GER,ENG,1,2,friendly,2008
GHA,TUN,0,0,friendly,2008
NED,SWE,3,1,friendly,2008
QAT,JPN,0,3,qualifier,2008
KSA,KOR,0,2,qualifier,2008
SCO,ARG,0,1,friendly,2008
IRN,ECU,0,1,friendly,2008
KSA,QAT,0,0,competitive,2009
USA,SWE,3,2,friendly,2009
MEX,SWE,0,1,friendly,2009
AUT,SWE,0,2,friendly,2009
COL,HAI,2,0,friendly,2009
EGY,GHA,2,2,friendly,2009
FRA,ARG,0,2,friendly,2009
GER,NOR,0,1,friendly,2009
IRN,KOR,1,1,qualifier,2009
JPN,AUS,0,0,qualifier,2009
MAR,CZE,0,0,friendly,2009
ESP,ENG,2,0,friendly,2009
TUN,NED,1,1,friendly,2009
TUR,CIV,1,1,friendly,2009
USA,MEX,2,0,qualifier,2009
KSA,IRQ,0,0,friendly,2009
BEL,BIH,2,4,qualifier,2009
IRN,KSA,1,2,qualifier,2009
KOR,IRQ,2,1,friendly,2009
NED,SCO,3,0,qualifier,2009
POR,SWE,0,0,qualifier,2009
RSA,NOR,2,1,friendly,2009
ESP,TUR,1,0,qualifier,2009
URU,PAR,2,0,qualifier,2009
UZB,QAT,4,0,qualifier,2009
ECU,BRA,1,1,qualifier,2009
PAN,HAI,4,0,friendly,2009
POR,RSA,2,0,friendly,2009
AUS,UZB,2,0,qualifier,2009
BIH,BEL,2,1,qualifier,2009
IRN,SEN,1,1,friendly,2009
TUR,ESP,1,2,qualifier,2009
ECU,PAR,1,1,qualifier,2009
ARG,PAN,3,1,friendly,2009
QAT,KSA,2,1,friendly,2009
JPN,BEL,4,0,competitive,2009
QAT,IRQ,1,0,friendly,2009
UZB,BIH,0,0,friendly,2009
FRA,TUR,1,0,friendly,2009
ARG,COL,1,0,qualifier,2009
QAT,AUS,0,0,qualifier,2009
URU,BRA,0,4,qualifier,2009
UZB,JPN,0,1,qualifier,2009
ALG,EGY,3,1,qualifier,2009
BRA,PAR,2,1,qualifier,2009
ECU,ARG,2,0,qualifier,2009
JPN,QAT,1,1,qualifier,2009
KOR,KSA,0,0,qualifier,2009
NED,NOR,2,0,qualifier,2009
NZL,ESP,0,5,competitive,2009
RSA,IRQ,0,0,competitive,2009
BRA,EGY,4,3,competitive,2009
AUS,JPN,2,1,qualifier,2009
KOR,IRN,1,1,qualifier,2009
RSA,NZL,2,0,competitive,2009
ESP,IRQ,1,0,competitive,2009
USA,BRA,0,3,competitive,2009
HAI,PAN,1,1,friendly,2009
IRQ,NZL,0,0,competitive,2009
RSA,ESP,0,2,competitive,2009
EGY,USA,0,3,competitive,2009
ESP,USA,0,2,competitive,2009
RSA,BRA,0,1,competitive,2009
RSA,ESP,2,3,competitive,2009
USA,BRA,2,3,competitive,2009
MEX,PAN,1,1,competitive,2009
USA,HAI,2,2,competitive,2009
USA,PAN,2,1,competitive,2009
MEX,HAI,4,0,competitive,2009
USA,MEX,0,5,competitive,2009
ALG,URU,1,0,friendly,2009
BIH,IRN,2,3,friendly,2009
COD,SEN,1,2,friendly,2009
CZE,BEL,3,1,friendly,2009
KOR,PAR,1,0,friendly,2009
MEX,USA,2,1,qualifier,2009
NED,ENG,2,2,friendly,2009
NOR,SCO,4,0,qualifier,2009
TUN,CIV,0,0,friendly,2009
ARG,BRA,1,3,qualifier,2009
COL,ECU,2,0,qualifier,2009
GER,RSA,2,0,friendly,2009
KOR,AUS,3,1,friendly,2009
NED,JPN,3,0,friendly,2009
ESP,BEL,5,0,qualifier,2009
UZB,IRN,0,0,friendly,2009
BIH,TUR,1,1,qualifier,2009
ENG,CRO,5,1,qualifier,2009
JPN,GHA,4,3,friendly,2009
JOR,NZL,1,3,friendly,2009
SCO,NED,0,1,qualifier,2009
URU,COL,3,1,qualifier,2009
PAR,ARG,1,0,qualifier,2009
ARG,GHA,2,0,friendly,2009
MEX,COL,1,2,friendly,2009
CRO,QAT,3,2,friendly,2009
AUS,NED,0,0,friendly,2009
BEL,TUR,2,0,qualifier,2009
ECU,URU,1,2,qualifier,2009
JPN,SCO,2,0,friendly,2009
NOR,RSA,1,0,friendly,2009
BIH,ESP,2,5,qualifier,2009
FRA,AUT,3,1,qualifier,2009
KOR,SEN,2,0,friendly,2009
PAR,COL,0,2,qualifier,2009
QAT,COD,2,2,friendly,2009
TUN,KSA,0,1,friendly,2009
URU,ARG,0,1,qualifier,2009
PAR,QAT,0,2,friendly,2009
BRA,ENG,1,0,friendly,2009
EGY,ALG,2,0,qualifier,2009
IRN,JOR,1,0,qualifier,2009
POR,BIH,1,0,qualifier,2009
RSA,JPN,0,0,friendly,2009
ESP,ARG,2,1,friendly,2009
SUI,NOR,0,1,friendly,2009
BEL,QAT,2,0,friendly,2009
ALG,EGY,1,0,qualifier,2009
AUT,ESP,1,5,friendly,2009
BIH,POR,0,1,qualifier,2009
GER,CIV,2,2,friendly,2009
NED,PAR,0,0,friendly,2009
JOR,IRN,1,0,qualifier,2009
QAT,IRN,3,2,friendly,2009
CIV,GHA,3,1,competitive,2010
CIV,ALG,2,3,competitive,2010
ALG,EGY,0,4,competitive,2010
GHA,EGY,0,1,competitive,2010
JPN,KOR,1,3,competitive,2010
BEL,CRO,0,1,friendly,2010
BIH,GHA,2,1,friendly,2010
ENG,EGY,3,1,friendly,2010
FRA,ESP,0,2,friendly,2010
GER,ARG,0,1,friendly,2010
CIV,KOR,0,2,friendly,2010
MEX,NZL,2,0,friendly,2010
NED,USA,2,1,friendly,2010
SCO,CZE,1,0,friendly,2010
SUI,URU,1,3,friendly,2010
PAR,RSA,1,1,friendly,2010
ARG,HAI,4,0,friendly,2010
MEX,ECU,0,0,friendly,2010
MEX,SEN,1,0,friendly,2010
KOR,ECU,2,0,friendly,2010
AUT,CRO,0,1,friendly,2010
COD,KSA,0,2,friendly,2010
TUR,CZE,2,1,friendly,2010
ARG,CAN,5,0,friendly,2010
AUS,NZL,2,1,friendly,2010
ENG,MEX,3,1,friendly,2010
JPN,KOR,0,2,friendly,2010
POR,CPV,0,0,friendly,2010
USA,CZE,2,4,friendly,2010
NED,MEX,2,1,friendly,2010
RSA,COL,2,1,friendly,2010
ESP,KSA,3,2,friendly,2010
SWE,BIH,4,2,friendly,2010
USA,TUR,2,1,friendly,2010
JPN,ENG,1,2,friendly,2010
PAR,CIV,2,2,friendly,2010
TUN,FRA,1,1,friendly,2010
NED,GHA,4,1,friendly,2010
GER,BIH,3,1,friendly,2010
ESP,KOR,1,0,friendly,2010
JPN,CIV,0,2,friendly,2010
AUS,USA,1,3,friendly,2010
RSA,MEX,1,1,competitive,2010
URU,FRA,0,0,competitive,2010
ENG,USA,1,1,competitive,2010
GER,AUS,4,0,competitive,2010
CIV,POR,0,0,competitive,2010
RSA,URU,0,3,competitive,2010
ESP,SUI,0,1,competitive,2010
ARG,KOR,4,1,competitive,2010
FRA,MEX,0,2,competitive,2010
ENG,ALG,0,0,competitive,2010
GHA,AUS,1,1,competitive,2010
NED,JPN,1,0,competitive,2010
BRA,CIV,3,1,competitive,2010
MEX,URU,0,1,competitive,2010
RSA,FRA,2,1,competitive,2010
GHA,GER,0,1,competitive,2010
USA,ALG,1,0,competitive,2010
PAR,NZL,0,0,competitive,2010
POR,BRA,0,0,competitive,2010
URU,KOR,2,1,competitive,2010
USA,GHA,1,2,competitive,2010
ARG,MEX,3,1,competitive,2010
GER,ENG,4,1,competitive,2010
PAR,JPN,0,0,competitive,2010
ESP,POR,1,0,competitive,2010
NED,BRA,2,1,competitive,2010
URU,GHA,1,1,competitive,2010
ARG,GER,0,4,competitive,2010
PAR,ESP,0,1,competitive,2010
URU,NED,2,3,competitive,2010
GER,ESP,0,1,competitive,2010
URU,GER,2,3,competitive,2010
NED,ESP,0,1,competitive,2010
BIH,QAT,1,1,friendly,2010
USA,BRA,0,2,friendly,2010
AUT,SUI,0,1,friendly,2010
EGY,COD,6,3,friendly,2010
MEX,ESP,1,1,friendly,2010
NOR,FRA,2,1,friendly,2010
SEN,CPV,1,0,friendly,2010
RSA,GHA,1,0,friendly,2010
SWE,SCO,3,0,friendly,2010
BEL,GER,0,1,qualifier,2010
SUI,AUS,0,0,friendly,2010
JPN,PAR,1,0,friendly,2010
MEX,ECU,1,2,friendly,2010
COD,SEN,2,4,qualifier,2010
ARG,ESP,4,1,friendly,2010
BIH,FRA,0,2,qualifier,2010
KOR,IRN,0,1,friendly,2010
MEX,COL,1,0,friendly,2010
NOR,POR,1,0,qualifier,2010
SUI,ENG,1,3,qualifier,2010
TUR,BEL,3,2,qualifier,2010
JOR,IRQ,4,1,friendly,2010
IRN,IRQ,2,1,competitive,2010
IRN,BRA,0,3,friendly,2010
COL,ECU,1,0,friendly,2010
CZE,SCO,1,0,qualifier,2010
GER,TUR,3,0,qualifier,2010
JPN,ARG,1,0,friendly,2010
AUS,PAR,1,0,friendly,2010
KSA,UZB,4,0,friendly,2010
BEL,AUT,4,4,qualifier,2010
CRO,NOR,2,1,friendly,2010
KOR,JPN,0,0,friendly,2010
NED,SWE,4,1,qualifier,2010
NZL,PAR,0,2,friendly,2010
QAT,IRQ,1,2,friendly,2010
SCO,ESP,2,3,qualifier,2010
USA,COL,0,0,friendly,2010
ARG,BRA,1,0,friendly,2010
EGY,AUS,3,0,friendly,2010
ENG,FRA,1,2,friendly,2010
NED,TUR,1,0,friendly,2010
POR,ESP,4,0,friendly,2010
KSA,GHA,0,0,friendly,2010
RSA,USA,0,1,friendly,2010
SWE,GER,0,0,friendly,2010
QAT,HAI,0,1,friendly,2010
QAT,KSA,1,1,competitive,2010
QAT,EGY,2,1,friendly,2010
KSA,IRQ,0,1,friendly,2010
JOR,UZB,2,2,friendly,2011
QAT,UZB,0,2,competitive,2011
JPN,JOR,1,1,competitive,2011
IRQ,IRN,1,2,competitive,2011
JOR,KSA,1,0,competitive,2011
AUS,KOR,1,1,competitive,2011
KSA,JPN,0,5,competitive,2011
QAT,JPN,2,3,competitive,2011
UZB,JOR,2,1,competitive,2011
AUS,IRQ,1,0,competitive,2011
IRN,KOR,0,1,competitive,2011
JPN,KOR,2,2,competitive,2011
UZB,AUS,0,6,competitive,2011
UZB,KOR,2,3,competitive,2011
AUS,JPN,0,1,competitive,2011
ARG,POR,2,1,friendly,2011
CRO,CZE,4,2,friendly,2011
FRA,BRA,1,0,friendly,2011
MEX,BIH,2,0,friendly,2011
NED,AUT,3,1,friendly,2011
ESP,COL,1,0,friendly,2011
TUR,KOR,0,0,friendly,2011
AUT,BEL,0,2,qualifier,2011
ESP,CZE,2,1,qualifier,2011
COL,ECU,2,0,friendly,2011
MEX,PAR,3,1,friendly,2011
RSA,EGY,1,0,qualifier,2011
USA,ARG,1,1,friendly,2011
ALG,MAR,1,0,qualifier,2011
BRA,SCO,2,0,friendly,2011
ENG,GHA,1,1,friendly,2011
FRA,CRO,0,0,friendly,2011
GER,AUS,1,2,friendly,2011
TUR,AUT,2,0,qualifier,2011
USA,PAR,0,1,friendly,2011
ARG,ECU,2,2,friendly,2011
ARG,PAR,4,2,friendly,2011
MEX,ECU,1,1,friendly,2011
GER,URU,2,1,friendly,2011
CAN,ECU,2,2,friendly,2011
MEX,NZL,3,0,friendly,2011
AUT,GER,1,2,qualifier,2011
BEL,TUR,1,1,qualifier,2011
BRA,NED,0,0,friendly,2011
ENG,SUI,2,2,qualifier,2011
MAR,ALG,4,0,qualifier,2011
POR,NOR,1,0,qualifier,2011
USA,ESP,0,4,friendly,2011
AUS,NZL,3,0,friendly,2011
EGY,RSA,0,0,qualifier,2011
JPN,CZE,0,0,competitive,2011
KOR,GHA,2,1,friendly,2011
USA,CAN,2,0,competitive,2011
URU,NED,1,1,competitive,2011
USA,PAN,1,2,competitive,2011
CAN,PAN,1,1,competitive,2011
USA,PAN,1,0,competitive,2011
COL,SEN,2,0,friendly,2011
USA,MEX,2,4,competitive,2011
PAR,ECU,0,0,competitive,2011
ARG,COL,0,0,competitive,2011
BRA,PAR,2,2,competitive,2011
URU,MEX,1,0,competitive,2011
BRA,ECU,4,2,competitive,2011
JOR,KSA,1,1,friendly,2011
ARG,URU,1,1,competitive,2011
JOR,IRQ,1,1,friendly,2011
BRA,PAR,0,0,competitive,2011
URU,PAR,3,0,competitive,2011
GER,BRA,3,2,friendly,2011
JPN,KOR,3,0,friendly,2011
NOR,CZE,3,0,friendly,2011
SEN,MAR,0,2,friendly,2011
USA,MEX,1,1,friendly,2011
QAT,IRQ,0,1,friendly,2011
JOR,TUN,3,3,friendly,2011
GER,AUT,6,2,qualifier,2011
IRQ,JOR,0,2,qualifier,2011
PAN,PAR,0,2,friendly,2011
SCO,CZE,2,2,qualifier,2011
SEN,COD,2,0,qualifier,2011
BRA,GHA,1,0,friendly,2011
AUT,TUR,0,0,qualifier,2011
BEL,USA,1,0,friendly,2011
CUW,HAI,2,4,qualifier,2011
QAT,IRN,1,1,qualifier,2011
KSA,AUS,1,3,qualifier,2011
UZB,JPN,1,1,qualifier,2011
ARG,BRA,0,0,competitive,2011
BRA,ARG,2,0,competitive,2011
CZE,ESP,0,2,qualifier,2011
TUR,GER,1,3,qualifier,2011
FRA,BIH,1,1,qualifier,2011
GER,BEL,3,1,qualifier,2011
HAI,CUW,2,2,qualifier,2011
MEX,BRA,1,2,friendly,2011
PAR,URU,1,1,qualifier,2011
ESP,SCO,3,1,qualifier,2011
SWE,NED,3,2,qualifier,2011
USA,ECU,0,1,friendly,2011
BIH,POR,0,0,qualifier,2011
FRA,USA,1,0,friendly,2011
NED,SUI,0,0,friendly,2011
PAR,ECU,2,1,qualifier,2011
TUR,CRO,0,3,qualifier,2011
ALG,TUN,1,0,friendly,2011
ENG,ESP,1,0,friendly,2011
RSA,CIV,1,1,friendly,2011
BRA,EGY,2,0,friendly,2011
COL,ARG,1,2,qualifier,2011
CRO,TUR,0,0,qualifier,2011
ENG,SWE,1,0,friendly,2011
FRA,BEL,0,0,friendly,2011
GER,NED,3,0,friendly,2011
JOR,IRQ,1,3,qualifier,2011
POR,BIH,6,2,qualifier,2011
TUN,CIV,0,2,friendly,2012
MAR,TUN,1,2,competitive,2012
PAN,USA,0,1,friendly,2012
GHA,TUN,2,1,competitive,2012
IRN,JOR,2,2,friendly,2012
KOR,UZB,4,2,friendly,2012
BIH,BRA,1,2,friendly,2012
AUS,KSA,4,2,qualifier,2012
CRO,SWE,1,3,friendly,2012
ENG,NED,2,3,friendly,2012
GER,FRA,1,2,friendly,2012
IRN,QAT,2,2,qualifier,2012
JPN,UZB,0,1,qualifier,2012
MEX,COL,0,2,friendly,2012
PAR,PAN,1,0,friendly,2012
RSA,SEN,0,0,friendly,2012
SUI,ARG,1,3,friendly,2012
EGY,COD,0,0,friendly,2012
EGY,IRQ,0,0,friendly,2012
MAR,SEN,0,1,friendly,2012
NOR,ENG,0,1,friendly,2012
SUI,GER,5,3,friendly,2012
USA,SCO,5,1,friendly,2012
ESP,KOR,4,1,friendly,2012
USA,BRA,1,4,friendly,2012
MEX,BIH,2,1,friendly,2012
ARG,ECU,4,0,qualifier,2012
ENG,BEL,1,0,friendly,2012
NOR,CRO,1,1,friendly,2012
POR,TUR,1,3,friendly,2012
CAN,USA,0,0,friendly,2012
JOR,IRQ,1,1,qualifier,2012
MEX,BRA,2,0,friendly,2012
UZB,IRN,0,1,qualifier,2012
JPN,JOR,6,0,qualifier,2012
QAT,KOR,1,4,qualifier,2012
BRA,ARG,3,4,friendly,2012
CPV,TUN,1,2,qualifier,2012
GER,POR,1,0,competitive,2012
MAR,CIV,2,2,qualifier,2012
ECU,COL,1,0,qualifier,2012
FRA,ENG,1,1,competitive,2012
AUS,JPN,1,1,qualifier,2012
IRN,QAT,0,0,qualifier,2012
NED,GER,1,2,competitive,2012
SWE,ENG,2,3,competitive,2012
POR,NED,2,1,competitive,2012
CRO,ESP,0,1,competitive,2012
KSA,MAR,4,0,friendly,2012
SWE,FRA,2,0,competitive,2012
CZE,POR,0,1,competitive,2012
ESP,FRA,2,0,competitive,2012
POR,ESP,0,0,competitive,2012
KSA,IRQ,0,1,competitive,2012
JOR,UZB,0,1,friendly,2012
AUT,TUR,2,0,friendly,2012
BEL,NED,4,2,friendly,2012
CRO,SUI,2,4,friendly,2012
FRA,URU,0,0,friendly,2012
GER,ARG,1,3,friendly,2012
IRN,TUN,2,2,friendly,2012
JOR,UZB,2,0,friendly,2012
MEX,USA,0,1,friendly,2012
POR,PAN,2,0,friendly,2012
SCO,AUS,3,1,friendly,2012
SWE,BRA,0,3,friendly,2012
JOR,IRN,0,0,friendly,2012
ARG,PAR,3,1,qualifier,2012
BRA,RSA,1,0,friendly,2012
CAN,PAN,1,0,qualifier,2012
COL,URU,4,0,qualifier,2012
NED,TUR,2,0,qualifier,2012
ESP,KSA,5,0,friendly,2012
CIV,SEN,4,2,qualifier,2012
AUT,GER,1,2,qualifier,2012
BEL,CRO,1,1,qualifier,2012
JPN,IRQ,1,0,qualifier,2012
JOR,AUS,2,1,qualifier,2012
PAN,CAN,2,0,qualifier,2012
URU,ECU,1,1,qualifier,2012
UZB,KOR,2,2,qualifier,2012
BRA,ARG,2,1,competitive,2012
BRA,IRQ,6,0,friendly,2012
ARG,URU,3,0,qualifier,2012
COL,PAR,2,0,qualifier,2012
FRA,JPN,0,1,friendly,2012
SUI,NOR,1,1,qualifier,2012
SEN,CIV,0,2,qualifier,2012
BEL,SCO,2,0,qualifier,2012
EGY,TUN,0,1,friendly,2012
GER,SWE,4,4,qualifier,2012
IRN,KOR,1,0,qualifier,2012
IRQ,AUS,1,2,qualifier,2012
JPN,BRA,0,4,friendly,2012
QAT,UZB,0,1,qualifier,2012
ESP,FRA,1,1,qualifier,2012
ALG,BIH,0,1,friendly,2012
AUT,CIV,0,3,friendly,2012
BRA,COL,1,1,friendly,2012
CPV,GHA,0,1,friendly,2012
IRN,UZB,0,1,qualifier,2012
IRQ,JOR,1,0,qualifier,2012
KOR,AUS,1,2,friendly,2012
NED,GER,0,0,friendly,2012
PAN,ESP,1,5,friendly,2012
KSA,ARG,0,0,friendly,2012
SWE,ENG,4,2,friendly,2012
TUN,SUI,1,2,friendly,2012
ARG,BRA,2,1,competitive,2012
IRN,KSA,0,0,competitive,2012
IRQ,JOR,1,0,competitive,2012
QAT,EGY,0,2,friendly,2012
IRQ,TUN,1,2,friendly,2012
KSA,IRQ,0,2,competitive,2013
RSA,NOR,0,1,friendly,2013
GHA,EGY,3,0,friendly,2013
RSA,ALG,0,0,friendly,2013
GHA,TUN,4,2,friendly,2013
CIV,EGY,4,2,friendly,2013
RSA,CPV,0,0,competitive,2013
GHA,COD,2,2,competitive,2013
TUN,ALG,1,0,competitive,2013
MAR,CPV,1,1,competitive,2013
CIV,TUN,3,0,competitive,2013
RSA,MAR,2,2,competitive,2013
USA,CAN,0,0,friendly,2013
ALG,CIV,2,2,competitive,2013
GHA,CPV,2,0,competitive,2013
CRO,KOR,4,0,friendly,2013
ENG,BRA,2,1,friendly,2013
FRA,GER,1,2,friendly,2013
POR,ECU,2,3,friendly,2013
ESP,URU,3,1,friendly,2013
SWE,ARG,2,3,friendly,2013
TUR,CZE,0,2,friendly,2013
QAT,EGY,3,1,friendly,2013
JPN,CAN,2,1,friendly,2013
URU,PAR,1,1,qualifier,2013
ECU,PAR,4,1,qualifier,2013
FRA,ESP,0,1,qualifier,2013
JOR,JPN,2,1,qualifier,2013
KOR,QAT,2,1,qualifier,2013
MEX,USA,0,0,qualifier,2013
ECU,GER,2,4,friendly,2013
USA,BEL,2,4,friendly,2013
BRA,ENG,2,2,friendly,2013
USA,GER,4,3,friendly,2013
JPN,AUS,1,1,qualifier,2013
QAT,IRN,0,1,qualifier,2013
URU,FRA,1,0,friendly,2013
ARG,COL,0,0,qualifier,2013
AUT,SWE,2,1,qualifier,2013
CRO,SCO,0,1,qualifier,2013
PAN,MEX,0,0,qualifier,2013
HAI,ESP,1,2,friendly,2013
BRA,FRA,3,0,friendly,2013
CRO,POR,0,1,friendly,2013
AUS,JOR,4,0,qualifier,2013
ECU,ARG,1,1,qualifier,2013
IRQ,JPN,0,1,qualifier,2013
KOR,UZB,1,0,qualifier,2013
USA,PAN,2,0,qualifier,2013
GHA,CIV,2,1,friendly,2013
GHA,CIV,1,1,friendly,2013
BRA,JPN,3,0,competitive,2013
ESP,URU,2,1,competitive,2013
AUS,IRQ,1,0,qualifier,2013
KOR,IRN,0,1,qualifier,2013
UZB,QAT,5,1,qualifier,2013
BRA,MEX,2,0,competitive,2013
JPN,MEX,1,2,competitive,2013
BRA,URU,2,1,competitive,2013
BRA,ESP,3,0,competitive,2013
MEX,PAN,1,2,competitive,2013
MEX,CAN,2,0,competitive,2013
PAN,CAN,0,0,competitive,2013
KOR,AUS,0,0,competitive,2013
PAN,MEX,2,1,competitive,2013
JPN,AUS,3,2,competitive,2013
KOR,JPN,1,2,competitive,2013
USA,PAN,1,0,competitive,2013
BEL,FRA,0,0,friendly,2013
BIH,USA,3,4,friendly,2013
ECU,ESP,0,2,friendly,2013
ENG,SCO,3,2,friendly,2013
GER,PAR,3,3,friendly,2013
JPN,URU,2,4,friendly,2013
MEX,CIV,4,1,friendly,2013
POR,NED,1,1,friendly,2013
SWE,NOR,4,2,friendly,2013
SUI,BRA,1,0,friendly,2013
TUR,GHA,2,2,friendly,2013
KSA,NZL,0,1,competitive,2013
COL,ECU,1,0,qualifier,2013
GER,AUT,3,0,qualifier,2013
JOR,UZB,1,1,qualifier,2013
KOR,HAI,4,1,friendly,2013
SCO,BEL,0,2,qualifier,2013
BRA,AUS,6,0,friendly,2013
CIV,MAR,1,1,qualifier,2013
TUN,CPV,3,0,qualifier,2013
BRA,POR,3,1,friendly,2013
JPN,GHA,3,1,friendly,2013
KOR,CRO,1,2,friendly,2013
NOR,SUI,0,2,qualifier,2013
PAR,ARG,2,5,qualifier,2013
URU,COL,2,0,qualifier,2013
USA,MEX,2,0,qualifier,2013
UZB,JOR,1,1,qualifier,2013
CRO,BEL,1,2,qualifier,2013
ECU,URU,1,0,qualifier,2013
FRA,AUS,6,0,friendly,2013
MEX,PAN,2,1,qualifier,2013
MAR,RSA,1,1,friendly,2013
SWE,AUT,2,1,qualifier,2013
CIV,SEN,3,1,qualifier,2013
KOR,BRA,0,2,friendly,2013
AUS,CAN,3,0,friendly,2013
GHA,EGY,6,1,qualifier,2013
IRQ,KSA,0,2,qualifier,2013
PAN,USA,2,3,qualifier,2013
PAR,COL,1,2,qualifier,2013
SCO,CRO,2,0,qualifier,2013
SWE,GER,3,5,qualifier,2013
TUR,NED,0,2,qualifier,2013
URU,ARG,3,2,qualifier,2013
JOR,URU,0,5,qualifier,2013
MEX,NZL,5,1,qualifier,2013
BEL,COL,0,2,friendly,2013
ARG,ECU,0,0,friendly,2013
CZE,CAN,2,0,friendly,2013
KOR,SUI,2,1,friendly,2013
POR,SWE,1,0,qualifier,2013
KSA,IRQ,2,1,qualifier,2013
SCO,USA,0,0,friendly,2013
NED,JPN,2,2,friendly,2013
SEN,CIV,1,1,qualifier,2013
ARG,BIH,2,0,friendly,2013
AUT,USA,1,0,friendly,2013
BEL,JPN,2,3,friendly,2013
EGY,GHA,2,1,qualifier,2013
ENG,GER,0,1,friendly,2013
NED,COL,0,0,friendly,2013
NOR,SCO,0,1,friendly,2013
RSA,ESP,1,0,friendly,2013
SWE,POR,2,3,qualifier,2013
NZL,MEX,2,4,qualifier,2013
URU,JOR,0,0,qualifier,2013
QAT,KSA,4,1,competitive,2013
QAT,JOR,2,0,competitive,2014
MEX,KOR,4,0,friendly,2014
USA,KOR,2,0,friendly,2014
AUS,ECU,3,4,friendly,2014
AUT,URU,1,1,friendly,2014
BEL,CIV,2,2,friendly,2014
BIH,EGY,0,2,friendly,2014
COL,TUN,1,1,friendly,2014
CZE,NOR,2,2,friendly,2014
FRA,NED,2,0,friendly,2014
JPN,NZL,4,2,friendly,2014
RSA,BRA,0,5,friendly,2014
SUI,CRO,2,2,friendly,2014
TUR,SWE,2,1,friendly,2014
NED,ECU,1,1,friendly,2014
AUS,RSA,1,1,friendly,2014
FRA,NOR,4,0,friendly,2014
KOR,TUN,0,1,friendly,2014
BIH,CIV,2,1,friendly,2014
NZL,RSA,0,0,friendly,2014
COL,SEN,2,2,friendly,2014
MEX,ECU,3,1,friendly,2014
NED,GHA,1,0,friendly,2014
FRA,PAR,1,1,friendly,2014
SWE,BEL,0,2,friendly,2014
USA,TUR,2,1,friendly,2014
BRA,PAN,4,0,friendly,2014
CZE,AUT,1,2,friendly,2014
MEX,BIH,0,1,friendly,2014
ECU,ENG,2,2,friendly,2014
COL,JOR,3,0,friendly,2014
CRO,AUS,1,0,friendly,2014
MEX,POR,0,1,friendly,2014
BEL,TUN,1,0,friendly,2014
GHA,KOR,4,0,friendly,2014
BRA,CRO,3,1,competitive,2014
ESP,NED,1,5,competitive,2014
CIV,JPN,2,1,competitive,2014
ARG,BIH,2,1,competitive,2014
SUI,ECU,2,1,competitive,2014
GER,POR,4,0,competitive,2014
GHA,USA,1,2,competitive,2014
BEL,ALG,2,1,competitive,2014
BRA,MEX,0,0,competitive,2014
AUS,NED,2,3,competitive,2014
COL,CIV,2,1,competitive,2014
URU,ENG,2,1,competitive,2014
SUI,FRA,2,5,competitive,2014
ARG,IRN,1,0,competitive,2014
GER,GHA,2,2,competitive,2014
KOR,ALG,2,4,competitive,2014
USA,POR,2,2,competitive,2014
AUS,ESP,0,3,competitive,2014
CRO,MEX,1,3,competitive,2014
JPN,COL,1,4,competitive,2014
BIH,IRN,3,1,competitive,2014
ECU,FRA,0,0,competitive,2014
KOR,BEL,0,1,competitive,2014
POR,GHA,2,1,competitive,2014
USA,GER,0,1,competitive,2014
COL,URU,2,0,competitive,2014
NED,MEX,2,1,competitive,2014
GER,ALG,2,1,competitive,2014
ARG,SUI,1,0,competitive,2014
BEL,USA,2,1,competitive,2014
BRA,COL,2,1,competitive,2014
FRA,GER,0,1,competitive,2014
ARG,BEL,1,0,competitive,2014
BRA,GER,1,7,competitive,2014
NED,ARG,0,0,competitive,2014
BRA,NED,0,3,competitive,2014
GER,ARG,1,0,competitive,2014
CZE,USA,0,1,friendly,2014
ENG,NOR,1,0,friendly,2014
GER,ARG,2,4,friendly,2014
MAR,QAT,0,0,friendly,2014
BEL,AUS,2,0,friendly,2014
FRA,ESP,1,0,friendly,2014
UZB,JOR,2,0,friendly,2014
JPN,URU,0,2,competitive,2014
BRA,COL,1,0,friendly,2014
SEN,EGY,2,0,qualifier,2014
GER,SCO,2,1,qualifier,2014
AUS,KSA,3,2,friendly,2014
AUT,SWE,1,1,qualifier,2014
KOR,URU,0,1,friendly,2014
SUI,ENG,0,2,qualifier,2014
UZB,NZL,3,1,friendly,2014
CZE,NED,2,1,qualifier,2014
EGY,TUN,0,1,qualifier,2014
QAT,UZB,3,0,friendly,2014
KOR,PAR,2,0,friendly,2014
KSA,URU,1,1,friendly,2014
SEN,TUN,0,0,qualifier,2014
TUR,CZE,1,2,qualifier,2014
ARG,BRA,0,2,competitive,2014
COD,CIV,1,2,qualifier,2014
FRA,POR,2,1,friendly,2014
MEX,PAN,1,0,friendly,2014
BIH,BEL,1,1,qualifier,2014
JPN,BRA,0,4,friendly,2014
QAT,AUS,1,0,friendly,2014
CIV,COD,3,4,qualifier,2014
TUN,SEN,1,0,qualifier,2014
ARG,CRO,2,1,friendly,2014
NED,MEX,2,3,friendly,2014
TUR,BRA,0,4,friendly,2014
KSA,QAT,1,1,competitive,2014
JOR,KOR,0,1,friendly,2014
USA,COL,1,2,friendly,2014
EGY,SEN,0,1,qualifier,2014
AUT,BRA,1,2,friendly,2014
FRA,SWE,1,0,friendly,2014
IRN,KOR,1,0,friendly,2014
JPN,AUS,2,1,friendly,2014
PAN,CAN,0,0,friendly,2014
POR,ARG,1,0,friendly,2014
SCO,ENG,1,3,friendly,2014
ESP,GER,0,1,friendly,2014
TUN,EGY,2,1,qualifier,2014
KSA,QAT,1,2,competitive,2014
RSA,CIV,2,0,friendly,2014
UZB,JOR,2,1,friendly,2014
UZB,IRQ,1,0,friendly,2014
UZB,IRQ,0,0,friendly,2014
IRN,IRQ,1,0,friendly,2015
KOR,KSA,2,0,friendly,2015
TUN,ALG,1,1,friendly,2015
JOR,IRQ,0,1,competitive,2015
QAT,IRN,0,1,competitive,2015
SWE,CIV,2,0,friendly,2015
IRQ,JPN,0,1,competitive,2015
AUS,KOR,0,1,competitive,2015
TUN,CPV,1,1,competitive,2015
UZB,KSA,3,1,competitive,2015
ALG,RSA,3,1,competitive,2015
GHA,SEN,1,2,competitive,2015
JPN,JOR,2,0,competitive,2015
CPV,COD,0,0,competitive,2015
KOR,UZB,2,0,competitive,2015
GHA,ALG,1,0,competitive,2015
IRN,IRQ,3,3,competitive,2015
RSA,SEN,1,1,competitive,2015
COD,TUN,1,1,competitive,2015
KOR,IRQ,2,0,competitive,2015
SEN,ALG,0,2,competitive,2015
RSA,GHA,1,2,competitive,2015
AUS,KOR,2,1,competitive,2015
CIV,ALG,3,1,competitive,2015
COD,CIV,1,3,competitive,2015
CIV,GHA,0,0,competitive,2015
USA,PAN,2,0,friendly,2015
GER,AUS,2,2,friendly,2015
FRA,BRA,1,3,friendly,2015
QAT,ALG,1,0,friendly,2015
JPN,TUN,2,0,competitive,2015
KOR,UZB,1,1,friendly,2015
CRO,NOR,5,1,qualifier,2015
GHA,SEN,1,2,friendly,2015
IRQ,COD,2,1,friendly,2015
MAR,URU,0,1,friendly,2015
NED,TUR,1,1,qualifier,2015
KSA,JOR,2,1,friendly,2015
ARG,ECU,2,1,friendly,2015
AUT,BIH,1,1,friendly,2015
IRQ,COD,1,0,friendly,2015
JPN,UZB,5,1,friendly,2015
KOR,NZL,1,0,friendly,2015
NED,ESP,2,0,friendly,2015
POR,CPV,0,2,friendly,2015
SWE,IRN,3,1,friendly,2015
SUI,USA,1,1,friendly,2015
USA,MEX,2,0,friendly,2015
PAN,ECU,1,1,friendly,2015
NED,USA,3,4,friendly,2015
SCO,QAT,1,0,friendly,2015
ECU,PAN,4,0,friendly,2015
BRA,MEX,2,0,friendly,2015
FRA,BEL,3,4,friendly,2015
NOR,SWE,0,0,friendly,2015
GER,USA,1,2,friendly,2015
JPN,IRQ,4,0,competitive,2015
UZB,IRN,0,1,friendly,2015
ARG,PAR,2,2,competitive,2015
ARG,URU,1,0,competitive,2015
BRA,COL,0,1,competitive,2015
MEX,ECU,1,2,competitive,2015
URU,PAR,1,1,competitive,2015
ARG,COL,0,0,competitive,2015
BRA,PAR,1,1,competitive,2015
ARG,PAR,6,1,competitive,2015
PAN,HAI,1,1,competitive,2015
USA,HAI,1,0,competitive,2015
USA,PAN,1,1,competitive,2015
PAN,MEX,1,2,competitive,2015
USA,PAN,1,1,competitive,2015
JPN,KOR,1,1,competitive,2015
BEL,BIH,3,1,qualifier,2015
POR,FRA,0,1,friendly,2015
NOR,CRO,2,0,qualifier,2015
TUR,NED,3,0,qualifier,2015
SCO,GER,2,3,qualifier,2015
USA,BRA,1,4,friendly,2015
ENG,SUI,2,0,qualifier,2015
MEX,ARG,2,2,friendly,2015
RSA,SEN,1,0,friendly,2015
SWE,AUT,1,4,qualifier,2015
JOR,IRQ,3,0,friendly,2015
ARG,ECU,0,2,qualifier,2015
JOR,AUS,2,0,qualifier,2015
MAR,CIV,0,1,friendly,2015
CZE,TUR,0,2,qualifier,2015
USA,MEX,2,3,friendly,2015
ALG,SEN,1,0,friendly,2015
IRN,JPN,1,1,friendly,2015
NED,CZE,2,3,qualifier,2015
PAR,ARG,0,0,qualifier,2015
URU,COL,3,0,qualifier,2015
ECU,URU,2,1,qualifier,2015
ARG,BRA,1,1,qualifier,2015
FRA,GER,2,0,friendly,2015
QAT,TUR,1,2,friendly,2015
ESP,ENG,2,0,friendly,2015
AUT,SUI,1,2,friendly,2015
COL,ARG,0,1,qualifier,2015
ENG,FRA,2,0,friendly,2015
EGY,JOR,0,1,friendly,2016
CZE,SCO,0,1,friendly,2016
ECU,PAR,2,2,qualifier,2016
TUR,SWE,2,1,friendly,2016
BRA,URU,2,2,qualifier,2016
CAN,MEX,0,3,qualifier,2016
HAI,PAN,0,0,qualifier,2016
NED,FRA,2,3,friendly,2016
CPV,MAR,0,1,qualifier,2016
GER,ENG,2,3,friendly,2016
AUS,JOR,5,1,qualifier,2016
AUT,TUR,1,2,friendly,2016
COL,ECU,3,1,qualifier,2016
ENG,NED,1,2,friendly,2016
MEX,CAN,2,0,qualifier,2016
MAR,CPV,2,0,qualifier,2016
PAN,HAI,1,0,qualifier,2016
PAR,BRA,2,2,qualifier,2016
POR,BEL,2,1,friendly,2016
SWE,CZE,1,1,friendly,2016
SUI,BIH,0,2,friendly,2016
ENG,TUR,2,1,friendly,2016
ENG,AUS,2,1,friendly,2016
MEX,PAR,1,0,friendly,2016
SUI,BEL,1,2,friendly,2016
BIH,ESP,1,3,friendly,2016
POR,NOR,3,0,friendly,2016
ESP,KOR,6,1,friendly,2016
ENG,POR,1,0,friendly,2016
USA,COL,0,2,competitive,2016
AUT,NED,0,2,friendly,2016
BRA,ECU,0,0,competitive,2016
FRA,SCO,3,0,friendly,2016
BEL,NOR,3,2,friendly,2016
CZE,KOR,1,2,friendly,2016
MEX,URU,3,1,competitive,2016
CAN,UZB,2,1,friendly,2016
COL,PAR,2,1,competitive,2016
JPN,BIH,1,2,competitive,2016
BRA,HAI,7,1,competitive,2016
ARG,PAN,5,0,competitive,2016
USA,PAR,1,0,competitive,2016
ECU,HAI,4,0,competitive,2016
TUR,CRO,0,1,competitive,2016
ESP,CZE,1,0,competitive,2016
USA,ECU,2,1,competitive,2016
CZE,CRO,2,2,competitive,2016
ESP,TUR,3,0,competitive,2016
POR,AUT,0,0,competitive,2016
FRA,SUI,0,0,competitive,2016
CRO,ESP,2,1,competitive,2016
CZE,TUR,0,2,competitive,2016
USA,ARG,0,4,competitive,2016
SWE,BEL,0,1,competitive,2016
CRO,POR,0,1,competitive,2016
USA,COL,0,1,competitive,2016
FRA,GER,2,0,competitive,2016
FRA,POR,0,1,competitive,2016
UZB,IRQ,2,1,friendly,2016
QAT,IRQ,2,1,friendly,2016
JOR,QAT,2,3,friendly,2016
ARG,URU,1,0,qualifier,2016
AUS,IRQ,2,0,qualifier,2016
BEL,ESP,0,2,friendly,2016
ECU,BRA,0,3,qualifier,2016
IRN,QAT,2,0,qualifier,2016
NOR,GER,0,3,qualifier,2016
CRO,TUR,1,1,qualifier,2016
BRA,COL,2,1,qualifier,2016
IRQ,KSA,1,2,qualifier,2016
QAT,UZB,0,1,qualifier,2016
RSA,EGY,1,0,friendly,2016
SWE,NED,1,1,qualifier,2016
SUI,POR,2,0,qualifier,2016
URU,PAR,4,0,qualifier,2016
JPN,IRQ,2,1,qualifier,2016
KOR,QAT,3,2,qualifier,2016
PAR,COL,0,1,qualifier,2016
KSA,AUS,2,2,qualifier,2016
UZB,IRN,0,1,qualifier,2016
BEL,BIH,4,0,qualifier,2016
GER,CZE,3,0,qualifier,2016
MEX,NZL,2,1,friendly,2016
SEN,CPV,2,0,qualifier,2016
NED,FRA,0,1,qualifier,2016
ARG,PAR,0,1,qualifier,2016
AUS,JPN,1,1,qualifier,2016
COL,URU,2,2,qualifier,2016
IRN,KOR,1,0,qualifier,2016
MEX,PAN,1,0,friendly,2016
MAR,CAN,4,0,friendly,2016
RSA,GHA,1,1,friendly,2016
JOR,IRQ,0,0,friendly,2016
NED,BEL,1,1,friendly,2016
BRA,ARG,3,0,qualifier,2016
URU,ECU,2,1,qualifier,2016
UZB,JOR,1,0,friendly,2016
CZE,NOR,2,1,qualifier,2016
ENG,SCO,3,0,qualifier,2016
FRA,SWE,2,1,qualifier,2016
KOR,CAN,2,0,friendly,2016
USA,MEX,1,2,qualifier,2016
MAR,CIV,0,0,qualifier,2016
EGY,GHA,2,0,qualifier,2016
ARG,COL,3,0,qualifier,2016
ENG,ESP,2,2,friendly,2016
FRA,CIV,0,0,friendly,2016
JPN,KSA,2,1,qualifier,2016
KOR,UZB,2,1,qualifier,2016
PAN,MEX,0,0,qualifier,2016
EGY,TUN,1,0,friendly,2017
CIV,SWE,2,1,friendly,2017
TUN,SEN,0,2,competitive,2017
COD,MAR,1,0,competitive,2017
ALG,TUN,1,2,competitive,2017
CIV,COD,2,2,competitive,2017
SEN,ALG,2,2,competitive,2017
MAR,CIV,1,0,competitive,2017
EGY,GHA,1,0,competitive,2017
BRA,COL,1,0,friendly,2017
COD,GHA,1,2,competitive,2017
EGY,MAR,1,0,competitive,2017
IRN,IRQ,0,1,friendly,2017
GER,ENG,1,0,friendly,2017
SCO,CAN,1,1,friendly,2017
IRQ,AUS,1,1,qualifier,2017
PAR,ECU,2,1,qualifier,2017
QAT,IRN,0,1,qualifier,2017
URU,BRA,1,4,qualifier,2017
CIV,SEN,1,1,friendly,2017
BRA,PAR,3,0,qualifier,2017
ECU,COL,0,2,qualifier,2017
FRA,ESP,0,2,friendly,2017
MAR,TUN,1,0,friendly,2017
PAN,USA,1,1,qualifier,2017
POR,SWE,2,3,friendly,2017
KSA,IRQ,1,0,qualifier,2017
UZB,QAT,1,0,qualifier,2017
MEX,CRO,1,2,friendly,2017
MAR,NED,1,2,friendly,2017
IRQ,JOR,1,0,friendly,2017
FRA,PAR,5,0,friendly,2017
NED,CIV,5,0,friendly,2017
BEL,CZE,2,1,friendly,2017
IRQ,KOR,0,0,friendly,2017
ESP,COL,2,2,friendly,2017
AUS,KSA,3,2,qualifier,2017
ARG,BRA,1,0,competitive,2017
SWE,FRA,2,1,qualifier,2017
NOR,CZE,1,1,qualifier,2017
SCO,ENG,2,2,qualifier,2017
MEX,USA,1,1,qualifier,2017
TUN,EGY,1,0,qualifier,2017
IRN,UZB,2,0,qualifier,2017
AUS,BRA,0,4,friendly,2017
CAN,CUW,2,1,friendly,2017
FRA,ENG,3,2,friendly,2017
IRQ,JPN,1,1,qualifier,2017
NOR,SWE,1,1,friendly,2017
QAT,KOR,3,2,qualifier,2017
POR,MEX,2,2,competitive,2017
AUS,GER,2,3,competitive,2017
MEX,NZL,2,1,competitive,2017
NZL,POR,0,4,competitive,2017
GER,MEX,4,1,competitive,2017
MEX,PAR,2,1,friendly,2017
USA,GHA,2,1,friendly,2017
POR,MEX,2,1,competitive,2017
USA,PAN,1,1,competitive,2017
CUW,MEX,0,2,competitive,2017
BRA,ECU,2,0,qualifier,2017
FRA,NED,4,0,qualifier,2017
JPN,AUS,2,0,qualifier,2017
KOR,IRN,0,0,qualifier,2017
URU,ARG,0,0,qualifier,2017
CPV,RSA,2,1,qualifier,2017
CZE,GER,1,2,qualifier,2017
MEX,PAN,1,0,qualifier,2017
TUN,COD,2,1,qualifier,2017
GER,NOR,6,0,qualifier,2017
COL,BRA,1,1,qualifier,2017
COD,TUN,2,2,qualifier,2017
PAR,URU,1,2,qualifier,2017
KSA,JPN,1,0,qualifier,2017
RSA,CPV,1,2,qualifier,2017
TUR,CRO,1,0,qualifier,2017
UZB,KOR,0,0,qualifier,2017
COL,PAR,1,2,qualifier,2017
JPN,NZL,2,1,competitive,2017
USA,PAN,4,0,qualifier,2017
BIH,BEL,3,4,qualifier,2017
CPV,SEN,0,2,qualifier,2017
ECU,ARG,1,3,qualifier,2017
JPN,HAI,3,3,competitive,2017
KOR,MAR,1,3,friendly,2017
NED,SWE,2,0,qualifier,2017
POR,SUI,2,0,qualifier,2017
QAT,CUW,1,2,friendly,2017
KSA,GHA,0,3,friendly,2017
IRN,PAN,2,1,friendly,2017
SCO,NED,0,1,friendly,2017
BEL,MEX,3,3,friendly,2017
ENG,GER,0,0,friendly,2017
JPN,BRA,1,3,friendly,2017
KOR,COL,2,1,friendly,2017
POR,KSA,3,0,friendly,2017
RSA,SEN,0,2,qualifier,2017
CIV,MAR,0,2,qualifier,2017
QAT,CZE,0,1,friendly,2017
GHA,EGY,1,1,qualifier,2017
AUT,URU,2,1,friendly,2017
BEL,JPN,1,0,friendly,2017
ENG,BRA,0,0,friendly,2017
GER,FRA,2,2,friendly,2017
POR,USA,1,1,friendly,2017
SEN,RSA,2,1,qualifier,2017
JPN,KOR,1,4,competitive,2017
IRQ,QAT,2,1,competitive,2017
USA,BIH,0,0,friendly,2018
MEX,BIH,1,0,friendly,2018
IRQ,KSA,4,1,friendly,2018
IRQ,QAT,2,3,friendly,2018
FRA,COL,2,3,friendly,2018
GER,ESP,1,1,friendly,2018
NED,ENG,0,1,friendly,2018
NOR,AUS,4,1,friendly,2018
POR,EGY,2,1,friendly,2018
SEN,UZB,1,1,friendly,2018
TUN,IRN,1,0,friendly,2018
URU,CZE,2,0,friendly,2018
CAN,NZL,1,0,friendly,2018
POR,NED,0,3,friendly,2018
ALG,IRN,1,2,friendly,2018
AUS,COL,0,0,friendly,2018
BEL,KSA,4,0,friendly,2018
BIH,SEN,0,0,friendly,2018
GER,BRA,0,1,friendly,2018
MEX,CRO,0,1,friendly,2018
MAR,UZB,2,0,friendly,2018
ESP,ARG,6,1,friendly,2018
SUI,PAN,6,0,friendly,2018
USA,PAR,1,0,friendly,2018
ALG,KSA,0,2,friendly,2018
IRN,UZB,1,0,friendly,2018
POR,TUN,2,2,friendly,2018
TUR,IRN,2,1,friendly,2018
ARG,HAI,4,0,friendly,2018
JPN,GHA,0,2,friendly,2018
TUR,TUN,2,2,friendly,2018
KOR,BIH,1,3,friendly,2018
CZE,AUS,0,4,friendly,2018
ALG,CPV,2,3,friendly,2018
COL,EGY,0,0,friendly,2018
MEX,SCO,1,0,friendly,2018
BEL,POR,0,0,friendly,2018
AUT,GER,2,1,friendly,2018
ESP,SUI,1,1,friendly,2018
CRO,BRA,0,2,friendly,2018
NOR,PAN,1,0,friendly,2018
BEL,EGY,3,0,friendly,2018
URU,UZB,3,0,friendly,2018
POR,ALG,3,0,friendly,2018
GER,KSA,2,1,friendly,2018
CRO,SEN,2,1,friendly,2018
SUI,JPN,2,0,friendly,2018
TUN,ESP,0,1,friendly,2018
FRA,USA,1,1,friendly,2018
AUT,BRA,0,3,friendly,2018
KOR,SEN,0,2,friendly,2018
JPN,PAR,4,2,friendly,2018
EGY,URU,0,1,competitive,2018
MAR,IRN,0,1,competitive,2018
POR,ESP,3,3,competitive,2018
FRA,AUS,2,1,competitive,2018
GER,MEX,0,1,competitive,2018
BRA,SUI,1,1,competitive,2018
SWE,KOR,1,0,competitive,2018
BEL,PAN,3,0,competitive,2018
TUN,ENG,1,2,competitive,2018
COL,JPN,1,2,competitive,2018
POR,MAR,1,0,competitive,2018
URU,KSA,1,0,competitive,2018
IRN,ESP,0,1,competitive,2018
ARG,CRO,0,3,competitive,2018
BEL,TUN,5,2,competitive,2018
KOR,MEX,1,2,competitive,2018
GER,SWE,2,1,competitive,2018
ENG,PAN,6,1,competitive,2018
JPN,SEN,2,2,competitive,2018
KSA,EGY,2,1,competitive,2018
ESP,MAR,2,2,competitive,2018
IRN,POR,1,1,competitive,2018
KOR,GER,2,0,competitive,2018
MEX,SWE,0,3,competitive,2018
SEN,COL,0,1,competitive,2018
PAN,TUN,1,2,competitive,2018
ENG,BEL,0,1,competitive,2018
FRA,ARG,4,3,competitive,2018
URU,POR,2,1,competitive,2018
BRA,MEX,2,0,competitive,2018
BEL,JPN,3,2,competitive,2018
SWE,SUI,1,0,competitive,2018
COL,ENG,1,1,competitive,2018
URU,FRA,0,2,competitive,2018
BRA,BEL,1,2,competitive,2018
SWE,ENG,0,2,competitive,2018
FRA,BEL,1,0,competitive,2018
CRO,ENG,2,1,competitive,2018
BEL,ENG,2,0,competitive,2018
FRA,CRO,4,2,competitive,2018
GER,FRA,0,0,competitive,2018
AUT,SWE,2,0,friendly,2018
POR,CRO,1,1,friendly,2018
MEX,URU,1,4,friendly,2018
SCO,BEL,0,4,friendly,2018
USA,BRA,0,2,friendly,2018
ENG,ESP,1,2,competitive,2018
FRA,NED,2,1,competitive,2018
SWE,TUR,2,3,competitive,2018
ESP,CRO,6,0,competitive,2018
BIH,AUT,1,0,competitive,2018
COL,ARG,0,0,friendly,2018
ENG,SUI,1,0,friendly,2018
USA,MEX,1,0,friendly,2018
UZB,IRN,0,1,friendly,2018
ARG,IRQ,4,0,friendly,2018
TUR,BIH,0,0,friendly,2018
USA,COL,2,4,friendly,2018
BEL,SUI,2,1,competitive,2018
CRO,ENG,0,0,competitive,2018
JPN,PAN,3,0,competitive,2018
KOR,URU,2,1,friendly,2018
QAT,ECU,4,3,friendly,2018
KSA,BRA,0,2,friendly,2018
NED,GER,3,0,competitive,2018
SCO,POR,1,3,friendly,2018
ESP,ENG,2,3,competitive,2018
CRO,JOR,2,1,friendly,2018
KSA,IRQ,1,1,friendly,2018
FRA,GER,2,1,competitive,2018
BEL,NED,1,1,friendly,2018
JPN,URU,4,3,competitive,2018
KOR,PAN,2,2,friendly,2018
UZB,QAT,2,0,friendly,2018
ARG,BRA,0,1,competitive,2018
SUI,QAT,0,1,friendly,2018
CRO,ESP,3,2,competitive,2018
AUT,BIH,0,0,competitive,2018
ENG,USA,3,0,friendly,2018
NED,FRA,2,0,competitive,2018
ARG,MEX,2,0,friendly,2018
BRA,URU,1,0,friendly,2018
EGY,TUN,3,2,qualifier,2018
TUR,SWE,0,1,competitive,2018
AUS,KOR,1,1,friendly,2018
SUI,BEL,5,2,competitive,2018
ENG,CRO,2,1,competitive,2018
ESP,BIH,1,0,friendly,2018
GER,NED,2,2,competitive,2018
ARG,MEX,2,0,friendly,2018
FRA,URU,1,0,friendly,2018
JOR,KSA,1,1,friendly,2018
KOR,UZB,4,0,friendly,2018
PAN,ECU,1,2,friendly,2018
RSA,PAR,1,1,friendly,2018
TUN,MAR,0,1,friendly,2018
QAT,JOR,2,0,friendly,2018
QAT,ALG,0,1,friendly,2018
KOR,KSA,0,0,friendly,2018
QAT,IRN,1,2,friendly,2018
AUS,JOR,0,1,competitive,2019
IRN,IRQ,0,0,competitive,2019
KSA,QAT,0,2,competitive,2019
JPN,UZB,2,1,competitive,2019
AUS,UZB,0,0,competitive,2019
JPN,KSA,1,0,competitive,2019
QAT,IRQ,1,0,competitive,2019
KOR,QAT,0,1,competitive,2019
USA,PAN,3,0,friendly,2019
IRN,JPN,0,3,competitive,2019
JPN,QAT,1,3,competitive,2019
USA,ECU,1,0,friendly,2019
JPN,COL,0,1,competitive,2019
ENG,CZE,5,0,qualifier,2019
BRA,PAN,1,1,friendly,2019
ESP,NOR,2,1,qualifier,2019
NED,GER,2,3,qualifier,2019
ALG,TUN,1,0,friendly,2019
CZE,BRA,1,3,friendly,2019
KOR,COL,2,1,friendly,2019
MAR,ARG,0,1,friendly,2019
PAR,MEX,2,4,friendly,2019
NOR,SWE,3,3,qualifier,2019
TUR,UZB,2,0,friendly,2019
COL,PAN,3,0,friendly,2019
BRA,QAT,2,0,friendly,2019
POR,SUI,3,1,competitive,2019
ENG,NED,1,3,competitive,2019
KOR,AUS,1,0,friendly,2019
TUN,IRQ,2,0,friendly,2019
URU,PAN,3,0,friendly,2019
TUR,FRA,2,0,qualifier,2019
MEX,ECU,3,2,friendly,2019
SUI,ENG,0,0,competitive,2019
POR,NED,1,0,competitive,2019
ESP,SWE,3,0,qualifier,2019
BEL,SCO,3,0,qualifier,2019
CRO,TUN,1,2,friendly,2019
KOR,IRN,1,1,friendly,2019
ARG,COL,0,2,competitive,2019
GHA,RSA,0,0,friendly,2019
PAR,QAT,2,2,competitive,2019
URU,ECU,4,0,competitive,2019
COL,QAT,1,0,competitive,2019
ARG,PAR,1,1,competitive,2019
MEX,CAN,3,1,competitive,2019
URU,JPN,2,2,competitive,2019
COL,PAR,1,0,competitive,2019
QAT,ARG,0,2,competitive,2019
CIV,RSA,1,0,competitive,2019
ECU,JPN,1,1,competitive,2019
EGY,COD,2,0,competitive,2019
USA,PAN,1,0,competitive,2019
SEN,ALG,0,1,competitive,2019
BRA,PAR,0,0,competitive,2019
MAR,CIV,1,0,competitive,2019
HAI,CAN,3,2,competitive,2019
USA,CUW,1,0,competitive,2019
RSA,MAR,0,1,competitive,2019
BRA,ARG,2,0,competitive,2019
HAI,MEX,0,1,competitive,2019
EGY,RSA,0,1,competitive,2019
USA,MEX,0,1,competitive,2019
GHA,TUN,1,1,competitive,2019
CIV,ALG,1,1,competitive,2019
SEN,TUN,1,0,competitive,2019
SEN,ALG,0,1,competitive,2019
JOR,KSA,3,0,competitive,2019
JPN,PAR,2,0,competitive,2019
BRA,COL,2,2,friendly,2019
USA,MEX,0,3,friendly,2019
GER,NED,2,4,qualifier,2019
CUW,HAI,1,0,competitive,2019
SWE,NOR,1,1,qualifier,2019
IRQ,UZB,0,0,friendly,2019
SCO,BEL,0,4,qualifier,2019
ARG,MEX,4,0,friendly,2019
CIV,TUN,2,1,friendly,2019
JOR,PAR,2,4,friendly,2019
USA,URU,1,1,friendly,2019
HAI,CUW,1,1,competitive,2019
GER,ARG,2,2,friendly,2019
ALG,COD,1,1,friendly,2019
BRA,SEN,1,1,friendly,2019
CZE,ENG,2,1,qualifier,2019
NOR,ESP,1,1,qualifier,2019
CIV,COD,3,1,friendly,2019
ECU,ARG,1,6,friendly,2019
FRA,TUR,1,1,qualifier,2019
SWE,ESP,1,1,qualifier,2019
ALG,COL,3,0,friendly,2019
CAN,USA,2,0,competitive,2019
MEX,PAN,3,1,competitive,2019
GHA,RSA,2,0,qualifier,2019
JOR,AUS,0,1,qualifier,2019
IRQ,IRN,2,1,qualifier,2019
UZB,KSA,2,3,qualifier,2019
BRA,ARG,0,1,competitive,2019
USA,CAN,4,1,competitive,2019
PAN,MEX,0,3,competitive,2019
ARG,URU,2,2,friendly,2019
BRA,KOR,3,0,friendly,2019
ECU,COL,0,1,friendly,2019
KSA,PAR,0,0,friendly,2019
QAT,IRQ,1,2,competitive,2019
QAT,KSA,0,1,competitive,2019
KOR,JPN,1,0,competitive,2019
GER,ESP,1,1,competitive,2020
NOR,AUT,1,2,competitive,2020
POR,CRO,4,1,competitive,2020
SWE,FRA,0,1,competitive,2020
SUI,GER,1,1,competitive,2020
CZE,SCO,1,2,competitive,2020
FRA,CRO,4,2,competitive,2020
SWE,POR,0,2,competitive,2020
GER,TUR,3,3,friendly,2020
NED,MEX,0,1,friendly,2020
POR,ESP,0,0,friendly,2020
SUI,CRO,1,2,friendly,2020
BEL,CIV,1,1,friendly,2020
UZB,IRN,1,2,friendly,2020
ARG,ECU,1,0,qualifier,2020
MAR,SEN,3,1,friendly,2020
ESP,SUI,1,0,competitive,2020
BIH,NED,0,0,competitive,2020
ENG,BEL,2,1,competitive,2020
CRO,SWE,2,1,competitive,2020
FRA,POR,0,0,competitive,2020
GHA,QAT,5,1,friendly,2020
GER,SUI,3,3,competitive,2020
JPN,CIV,1,0,friendly,2020
MEX,ALG,2,2,friendly,2020
MAR,COD,1,1,friendly,2020
ECU,URU,4,2,qualifier,2020
POR,SWE,3,0,competitive,2020
CRO,FRA,1,2,competitive,2020
SCO,CZE,1,0,competitive,2020
BEL,SUI,2,1,friendly,2020
GER,CZE,1,0,friendly,2020
NED,ESP,1,1,friendly,2020
TUR,CRO,3,3,friendly,2020
BIH,IRN,0,2,friendly,2020
JOR,IRQ,0,0,friendly,2020
ARG,PAR,1,1,qualifier,2020
JPN,PAN,1,0,friendly,2020
COL,URU,0,3,qualifier,2020
POR,FRA,0,1,competitive,2020
SWE,CRO,2,1,competitive,2020
SUI,ESP,1,1,competitive,2020
MEX,KOR,3,2,friendly,2020
NED,BIH,3,1,competitive,2020
BEL,ENG,2,0,competitive,2020
USA,PAN,6,2,friendly,2020
CRO,POR,2,3,competitive,2020
FRA,SWE,4,2,competitive,2020
ESP,GER,6,0,competitive,2020
JPN,MEX,0,2,friendly,2020
KOR,QAT,2,1,friendly,2020
UZB,IRQ,1,2,friendly,2020
ECU,COL,6,1,qualifier,2020
URU,BRA,0,2,qualifier,2020
AUT,NOR,1,1,competitive,2020
JOR,UZB,0,2,friendly,2021
TUR,NED,4,2,qualifier,2021
JPN,KOR,3,0,friendly,2021
SCO,AUT,2,2,qualifier,2021
RSA,GHA,1,1,qualifier,2021
CZE,BEL,1,1,qualifier,2021
NOR,TUR,0,3,qualifier,2021
UZB,IRQ,0,1,friendly,2021
BIH,FRA,0,1,qualifier,2021
SUI,USA,2,1,friendly,2021
ENG,AUT,1,0,friendly,2021
NED,SCO,2,2,friendly,2021
URU,PAR,0,0,qualifier,2021
ESP,POR,0,0,friendly,2021
BRA,ECU,2,0,qualifier,2021
TUN,COD,1,0,friendly,2021
BEL,CRO,1,0,friendly,2021
USA,MEX,3,2,competitive,2021
MAR,GHA,1,0,friendly,2021
SEN,CPV,2,0,friendly,2021
COL,ARG,2,2,qualifier,2021
PAR,BRA,0,2,qualifier,2021
TUN,ALG,0,2,friendly,2021
HAI,CAN,0,1,qualifier,2021
PAN,CUW,2,1,qualifier,2021
GHA,CIV,0,0,friendly,2021
ENG,CRO,1,0,competitive,2021
COL,ECU,1,0,competitive,2021
SCO,CZE,0,2,competitive,2021
ESP,SWE,0,0,competitive,2021
AUS,JOR,1,0,qualifier,2021
IRN,IRQ,1,0,qualifier,2021
KSA,UZB,3,0,qualifier,2021
CAN,HAI,3,0,qualifier,2021
CUW,PAN,0,0,qualifier,2021
GER,FRA,0,1,competitive,2021
NED,AUT,2,0,competitive,2021
CRO,CZE,1,1,competitive,2021
ENG,SCO,0,0,competitive,2021
ARG,URU,1,0,competitive,2021
GER,POR,4,2,competitive,2021
SUI,TUR,3,1,competitive,2021
ARG,PAR,1,0,competitive,2021
SCO,CRO,1,3,competitive,2021
ENG,CZE,1,0,competitive,2021
POR,FRA,2,2,competitive,2021
BRA,COL,2,1,competitive,2021
NED,CZE,0,2,competitive,2021
BEL,POR,1,0,competitive,2021
BRA,ECU,1,1,competitive,2021
CRO,ESP,3,5,competitive,2021
FRA,SUI,3,3,competitive,2021
URU,PAR,1,0,competitive,2021
ENG,GER,2,0,competitive,2021
MEX,PAN,3,0,friendly,2021
SUI,ESP,1,1,competitive,2021
URU,COL,0,0,competitive,2021
ARG,ECU,3,0,competitive,2021
ARG,COL,1,1,competitive,2021
BRA,ARG,0,1,competitive,2021
USA,HAI,1,0,competitive,2021
QAT,PAN,3,3,competitive,2021
HAI,CAN,1,4,competitive,2021
RSA,SEN,0,0,competitive,2021
USA,CAN,1,0,competitive,2021
MEX,CAN,2,1,competitive,2021
USA,QAT,1,0,competitive,2021
USA,MEX,1,0,competitive,2021
FRA,BIH,1,1,qualifier,2021
NOR,NED,1,1,qualifier,2021
KOR,IRQ,0,0,qualifier,2021
SWE,ESP,2,1,qualifier,2021
ECU,PAR,2,0,qualifier,2021
HAI,JOR,2,0,friendly,2021
QAT,POR,1,3,friendly,2021
SWE,UZB,2,1,friendly,2021
BEL,CZE,3,0,qualifier,2021
PAR,COL,1,1,qualifier,2021
USA,CAN,1,1,qualifier,2021
RSA,GHA,1,0,qualifier,2021
IRQ,IRN,0,3,qualifier,2021
AUT,SCO,0,1,qualifier,2021
NED,TUR,6,1,qualifier,2021
PAN,MEX,1,1,qualifier,2021
URU,ECU,1,0,qualifier,2021
KSA,JPN,1,0,qualifier,2021
MEX,CAN,1,1,qualifier,2021
PAR,ARG,0,0,qualifier,2021
URU,COL,0,0,qualifier,2021
BEL,FRA,2,3,competitive,2021
TUR,NOR,1,1,qualifier,2021
CUW,NZL,1,2,friendly,2021
POR,QAT,3,0,friendly,2021
PAN,USA,1,0,qualifier,2021
COL,BRA,0,0,qualifier,2021
ARG,URU,3,0,qualifier,2021
ESP,FRA,1,2,competitive,2021
IRN,KOR,1,1,qualifier,2021
JPN,AUS,2,1,qualifier,2021
JOR,UZB,3,0,friendly,2021
CAN,PAN,4,1,qualifier,2021
COL,ECU,0,0,qualifier,2021
BRA,URU,4,1,qualifier,2021
MEX,ECU,2,3,friendly,2021
AUS,KSA,0,0,qualifier,2021
BRA,COL,1,0,qualifier,2021
USA,MEX,2,0,qualifier,2021
URU,ARG,0,1,qualifier,2021
GHA,RSA,1,0,qualifier,2021
ESP,SWE,1,0,qualifier,2021
IRQ,KOR,0,3,qualifier,2021
CAN,MEX,2,1,qualifier,2021
NED,NOR,2,0,qualifier,2021
COL,PAR,0,0,qualifier,2021
ARG,BRA,0,0,qualifier,2021
KSA,JOR,0,1,competitive,2021
JOR,MAR,0,4,competitive,2021
QAT,IRQ,3,0,competitive,2021
MAR,KSA,1,0,competitive,2021
ALG,EGY,1,1,competitive,2021
EGY,JOR,3,1,competitive,2021
MAR,ALG,2,2,competitive,2021
TUN,EGY,1,0,competitive,2021
QAT,ALG,1,2,competitive,2021
QAT,EGY,0,0,competitive,2021
TUN,ALG,0,2,competitive,2021
USA,BIH,1,0,friendly,2021
ALG,GHA,3,0,friendly,2022
MAR,GHA,1,0,competitive,2022
CIV,ALG,3,1,competitive,2022
SEN,CPV,2,0,competitive,2022
CIV,EGY,0,0,competitive,2022
IRN,IRQ,1,0,qualifier,2022
ECU,BRA,1,1,qualifier,2022
PAR,URU,0,1,qualifier,2022
JOR,NZL,3,1,friendly,2022
EGY,MAR,2,1,competitive,2022
CAN,USA,2,0,qualifier,2022
JPN,KSA,2,0,qualifier,2022
ARG,COL,1,0,qualifier,2022
BRA,PAR,4,0,qualifier,2022
MEX,PAN,1,0,qualifier,2022
SEN,EGY,0,0,competitive,2022
MEX,USA,0,0,qualifier,2022
KOR,IRN,2,0,qualifier,2022
AUS,JPN,0,2,qualifier,2022
PAR,ECU,3,1,qualifier,2022
POR,TUR,3,1,qualifier,2022
SWE,CZE,1,0,qualifier,2022
COD,MAR,1,1,qualifier,2022
EGY,SEN,1,0,qualifier,2022
FRA,CIV,2,1,friendly,2022
ENG,SUI,2,1,friendly,2022
USA,PAN,5,1,qualifier,2022
MAR,COD,4,1,qualifier,2022
SEN,EGY,1,0,qualifier,2022
KSA,AUS,1,0,qualifier,2022
ECU,ARG,1,1,qualifier,2022
AUT,SCO,2,2,friendly,2022
ENG,CIV,3,0,friendly,2022
FRA,RSA,5,0,friendly,2022
NED,GER,1,1,friendly,2022
PAN,CAN,1,0,qualifier,2022
AUS,JOR,2,1,friendly,2022
USA,MAR,3,0,friendly,2022
CZE,SUI,2,1,competitive,2022
ESP,POR,1,1,competitive,2022
JPN,PAR,4,1,friendly,2022
KOR,BRA,1,5,friendly,2022
MEX,URU,0,3,friendly,2022
CRO,AUT,0,3,competitive,2022
BEL,NED,1,4,competitive,2022
POR,SUI,4,0,competitive,2022
CZE,ESP,2,2,competitive,2022
SWE,NOR,1,2,competitive,2022
MEX,ECU,0,0,friendly,2022
KSA,COL,0,1,friendly,2022
USA,URU,0,0,friendly,2022
CRO,FRA,1,1,competitive,2022
JPN,BRA,0,1,friendly,2022
GER,ENG,1,1,competitive,2022
MAR,RSA,2,1,qualifier,2022
CAN,CUW,4,0,competitive,2022
POR,CZE,2,0,competitive,2022
SUI,ESP,0,1,competitive,2022
AUT,FRA,1,1,competitive,2022
KOR,PAR,2,2,friendly,2022
JPN,GHA,4,1,competitive,2022
ECU,CPV,1,0,friendly,2022
URU,PAN,5,0,friendly,2022
ESP,CZE,2,0,competitive,2022
SUI,POR,1,0,competitive,2022
NOR,SWE,3,2,competitive,2022
IRN,ALG,1,2,friendly,2022
FRA,CRO,0,1,competitive,2022
JPN,TUN,0,3,competitive,2022
KOR,EGY,4,1,friendly,2022
JPN,KOR,3,0,competitive,2022
MEX,PAR,0,1,friendly,2022
AUS,NZL,1,0,friendly,2022
FRA,AUT,2,0,competitive,2022
JPN,USA,2,0,competitive,2022
BRA,GHA,3,0,friendly,2022
CAN,QAT,2,0,friendly,2022
IRN,URU,1,0,friendly,2022
KSA,ECU,0,0,friendly,2022
CZE,POR,0,4,competitive,2022
ESP,SUI,1,2,competitive,2022
NZL,AUS,0,2,friendly,2022
AUT,CRO,1,3,competitive,2022
NED,BEL,1,0,competitive,2022
ENG,GER,3,3,competitive,2022
BRA,TUN,5,1,friendly,2022
CAN,URU,0,2,friendly,2022
ECU,JPN,0,0,competitive,2022
IRN,SEN,1,1,friendly,2022
MEX,COL,2,3,friendly,2022
PAR,MAR,0,0,friendly,2022
KSA,USA,0,0,friendly,2022
POR,ESP,0,1,competitive,2022
SUI,CZE,2,1,competitive,2022
QAT,PAN,2,1,friendly,2022
MEX,IRQ,4,0,friendly,2022
KSA,PAN,1,1,friendly,2022
IRQ,ECU,0,0,friendly,2022
IRN,TUN,0,2,friendly,2022
MEX,SWE,1,2,friendly,2022
KSA,CRO,0,1,friendly,2022
TUR,SCO,2,1,friendly,2022
JPN,CAN,1,2,friendly,2022
JOR,ESP,1,3,friendly,2022
SUI,GHA,0,2,friendly,2022
EGY,BEL,2,1,friendly,2022
COL,PAR,2,0,friendly,2022
SWE,ALG,2,0,friendly,2022
TUR,CZE,2,1,friendly,2022
QAT,ECU,0,2,competitive,2022
SEN,NED,0,2,competitive,2022
ENG,IRN,6,2,competitive,2022
ARG,KSA,1,2,competitive,2022
FRA,AUS,4,1,competitive,2022
GER,JPN,1,2,competitive,2022
MAR,CRO,0,0,competitive,2022
BEL,CAN,1,0,competitive,2022
URU,KOR,0,0,competitive,2022
POR,GHA,3,2,competitive,2022
QAT,SEN,1,3,competitive,2022
NED,ECU,1,1,competitive,2022
ENG,USA,0,0,competitive,2022
ARG,MEX,2,0,competitive,2022
TUN,AUS,0,1,competitive,2022
ESP,GER,1,1,competitive,2022
BEL,MAR,0,2,competitive,2022
CRO,CAN,4,1,competitive,2022
BRA,SUI,1,0,competitive,2022
KOR,GHA,2,3,competitive,2022
POR,URU,2,0,competitive,2022
ECU,SEN,1,2,competitive,2022
QAT,NED,0,2,competitive,2022
IRN,USA,0,1,competitive,2022
KSA,MEX,1,2,competitive,2022
TUN,FRA,1,0,competitive,2022
JPN,ESP,2,1,competitive,2022
CRO,BEL,0,0,competitive,2022
CAN,MAR,1,2,competitive,2022
GHA,URU,0,2,competitive,2022
KOR,POR,2,1,competitive,2022
NED,USA,3,1,competitive,2022
ARG,AUS,2,1,competitive,2022
ENG,SEN,3,0,competitive,2022
JPN,CRO,1,1,competitive,2022
BRA,KOR,4,1,competitive,2022
MAR,ESP,0,0,competitive,2022
POR,SUI,6,1,competitive,2022
CRO,BRA,1,1,competitive,2022
NED,ARG,2,2,competitive,2022
MAR,POR,1,0,competitive,2022
ENG,FRA,1,2,competitive,2022
ARG,CRO,3,0,competitive,2022
FRA,MAR,2,0,competitive,2022
CRO,MAR,2,1,competitive,2022
ARG,FRA,3,3,competitive,2022
IRQ,KSA,2,0,competitive,2023
IRQ,QAT,2,1,competitive,2023
USA,COL,0,0,friendly,2023
ARG,PAN,2,0,friendly,2023
AUS,ECU,3,1,friendly,2023
JPN,URU,1,1,friendly,2023
KOR,COL,2,2,friendly,2023
FRA,NED,4,0,qualifier,2023
SWE,BEL,0,3,qualifier,2023
MAR,BRA,2,1,friendly,2023
ESP,NOR,3,0,qualifier,2023
CUW,CAN,0,2,competitive,2023
ARG,CUW,7,0,friendly,2023
AUS,ECU,1,2,friendly,2023
GER,BEL,2,3,friendly,2023
JPN,COL,1,2,friendly,2023
KOR,URU,1,2,friendly,2023
SCO,ESP,2,0,qualifier,2023
TUR,CRO,0,2,qualifier,2023
USA,MEX,1,1,friendly,2023
MAR,CPV,0,0,friendly,2023
NED,CRO,2,4,competitive,2023
PAN,CAN,0,2,competitive,2023
USA,MEX,3,0,competitive,2023
ARG,AUS,2,0,friendly,2023
COL,IRQ,1,0,friendly,2023
SWE,NZL,4,1,friendly,2023
NOR,SCO,1,2,qualifier,2023
BEL,AUT,1,1,qualifier,2023
POR,BIH,3,0,qualifier,2023
RSA,MAR,2,1,qualifier,2023
PAN,MEX,0,1,competitive,2023
USA,CAN,2,0,competitive,2023
CRO,ESP,0,0,competitive,2023
ALG,TUN,1,1,friendly,2023
BRA,SEN,2,4,friendly,2023
GER,COL,0,2,friendly,2023
AUT,SWE,2,0,qualifier,2023
UZB,IRN,0,1,competitive,2023
HAI,QAT,2,1,competitive,2023
HAI,MEX,1,3,competitive,2023
MEX,QAT,0,1,competitive,2023
PAN,QAT,4,0,competitive,2023
USA,CAN,2,2,competitive,2023
USA,PAN,1,1,competitive,2023
MEX,PAN,1,0,competitive,2023
ARG,ECU,1,0,qualifier,2023
NOR,JOR,6,0,friendly,2023
GER,JPN,1,4,friendly,2023
MEX,AUS,2,2,friendly,2023
USA,UZB,3,0,friendly,2023
ECU,URU,2,1,qualifier,2023
EGY,TUN,1,3,friendly,2023
GER,FRA,2,1,friendly,2023
JPN,TUR,4,2,friendly,2023
KOR,KSA,1,0,friendly,2023
MEX,UZB,3,3,friendly,2023
SCO,ENG,1,3,friendly,2023
SEN,ALG,0,1,friendly,2023
RSA,COD,1,0,friendly,2023
SWE,AUT,1,3,qualifier,2023
COL,URU,2,2,qualifier,2023
ARG,PAR,1,0,qualifier,2023
ALG,CPV,5,1,friendly,2023
ESP,SCO,2,0,qualifier,2023
CRO,TUR,0,1,qualifier,2023
CUW,PAN,1,2,competitive,2023
COD,NZL,1,1,friendly,2023
ENG,AUS,1,0,friendly,2023
IRQ,QAT,0,0,friendly,2023
JPN,CAN,4,1,friendly,2023
KOR,TUN,4,0,friendly,2023
NED,FRA,1,2,qualifier,2023
AUT,BEL,2,3,qualifier,2023
CIV,MAR,1,1,friendly,2023
MEX,GHA,2,0,friendly,2023
USA,GER,1,3,friendly,2023
NOR,ESP,0,1,qualifier,2023
ALG,EGY,1,1,friendly,2023
BEL,SWE,1,1,qualifier,2023
BIH,POR,0,5,qualifier,2023
ECU,COL,0,0,qualifier,2023
URU,BRA,2,0,qualifier,2023
AUS,NZL,2,0,competitive,2023
FRA,SCO,4,1,friendly,2023
CIV,RSA,1,1,friendly,2023
MEX,GER,2,2,friendly,2023
USA,GHA,4,0,friendly,2023
COL,BRA,2,1,qualifier,2023
ARG,URU,0,2,qualifier,2023
GER,TUR,2,3,friendly,2023
SCO,NOR,3,3,qualifier,2023
PAR,COL,0,1,qualifier,2023
BRA,ARG,0,1,qualifier,2023
UZB,IRN,2,2,qualifier,2023
JOR,KSA,0,2,qualifier,2023
AUT,GER,2,0,friendly,2023
MEX,COL,2,3,friendly,2023
QAT,JOR,1,2,friendly,2024
IRQ,KOR,0,1,friendly,2024
JPN,JOR,6,1,friendly,2024
TUN,CPV,2,0,friendly,2024
GHA,CPV,1,2,competitive,2024
EGY,GHA,2,2,competitive,2024
IRQ,JPN,2,1,competitive,2024
JOR,KOR,2,2,competitive,2024
MAR,COD,1,1,competitive,2024
CPV,EGY,2,2,competitive,2024
AUS,UZB,1,1,competitive,2024
RSA,TUN,0,0,competitive,2024
EGY,COD,1,1,competitive,2024
IRQ,JOR,2,3,competitive,2024
CIV,SEN,1,1,competitive,2024
KSA,KOR,1,1,competitive,2024
MAR,RSA,0,2,competitive,2024
AUS,KOR,1,2,competitive,2024
IRN,JPN,2,1,competitive,2024
QAT,UZB,1,1,competitive,2024
CPV,RSA,0,0,competitive,2024
JOR,KOR,2,0,competitive,2024
QAT,IRN,3,2,competitive,2024
CIV,COD,1,0,competitive,2024
QAT,JOR,3,1,competitive,2024
RSA,COD,0,0,competitive,2024
PAN,MEX,0,3,competitive,2024
POR,SWE,5,2,friendly,2024
EGY,NZL,1,0,competitive,2024
NED,SCO,4,0,friendly,2024
NOR,CZE,1,2,friendly,2024
ESP,COL,0,1,friendly,2024
TUN,CRO,0,0,competitive,2024
ENG,BRA,0,1,friendly,2024
FRA,GER,0,2,friendly,2024
USA,MEX,2,0,competitive,2024
ALG,RSA,3,3,competitive,2024
EGY,CRO,2,4,competitive,2024
NZL,TUN,0,0,competitive,2024
AUT,TUR,6,1,friendly,2024
ENG,BEL,2,2,friendly,2024
GER,NED,2,1,friendly,2024
CIV,URU,2,1,friendly,2024
ESP,BRA,3,3,friendly,2024
ENG,BIH,3,0,friendly,2024
MEX,URU,0,4,friendly,2024
NED,CAN,4,0,friendly,2024
SEN,COD,1,1,qualifier,2024
MEX,BRA,2,3,friendly,2024
POR,CRO,1,2,friendly,2024
SUI,AUT,1,1,friendly,2024
USA,COL,1,5,friendly,2024
ARG,ECU,1,0,friendly,2024
FRA,CAN,0,0,friendly,2024
IRN,UZB,0,0,qualifier,2024
KSA,JOR,1,2,qualifier,2024
USA,BRA,1,1,friendly,2024
GER,SCO,5,1,competitive,2024
ESP,CRO,3,0,competitive,2024
PAN,PAR,0,1,friendly,2024
AUT,FRA,0,1,competitive,2024
POR,CZE,2,1,competitive,2024
SCO,SUI,1,1,competitive,2024
ARG,CAN,2,0,competitive,2024
NED,FRA,0,0,competitive,2024
TUR,POR,0,3,competitive,2024
GER,SUI,1,1,competitive,2024
URU,PAN,3,1,competitive,2024
COL,PAR,2,1,competitive,2024
NED,AUT,2,3,competitive,2024
CZE,TUR,1,2,competitive,2024
USA,PAN,1,2,competitive,2024
PAR,BRA,1,4,competitive,2024
MEX,ECU,0,0,competitive,2024
FRA,BEL,1,0,competitive,2024
USA,URU,0,1,competitive,2024
AUT,TUR,1,2,competitive,2024
BRA,COL,1,1,competitive,2024
ARG,ECU,1,1,competitive,2024
GER,ESP,1,2,competitive,2024
POR,FRA,0,0,competitive,2024
ENG,SUI,1,1,competitive,2024
NED,TUR,2,1,competitive,2024
URU,BRA,0,0,competitive,2024
COL,PAN,5,0,competitive,2024
ESP,FRA,2,1,competitive,2024
ARG,CAN,2,0,competitive,2024
NED,ENG,1,2,competitive,2024
URU,COL,0,1,competitive,2024
CAN,URU,2,2,competitive,2024
ESP,ENG,2,1,competitive,2024
ARG,COL,1,0,competitive,2024
POR,CRO,2,1,competitive,2024
EGY,CPV,3,0,qualifier,2024
URU,PAR,0,0,qualifier,2024
BRA,ECU,1,0,qualifier,2024
MEX,NZL,3,0,friendly,2024
USA,CAN,1,2,friendly,2024
NED,BIH,5,2,competitive,2024
POR,SCO,2,1,competitive,2024
SUI,ESP,1,4,competitive,2024
FRA,BEL,2,0,competitive,2024
NOR,AUT,2,1,competitive,2024
MEX,CAN,0,0,friendly,2024
USA,NZL,1,1,friendly,2024
NED,GER,2,2,competitive,2024
COL,ARG,2,1,qualifier,2024
PAR,BRA,1,0,qualifier,2024
ECU,PAR,0,0,qualifier,2024
UZB,IRN,0,0,qualifier,2024
JOR,KOR,0,2,qualifier,2024
KSA,JPN,0,2,qualifier,2024
BIH,GER,1,2,competitive,2024
USA,PAN,2,0,friendly,2024
CRO,SCO,2,1,competitive,2024
AUT,NOR,5,1,competitive,2024
BEL,FRA,1,2,competitive,2024
GER,NED,1,0,competitive,2024
CAN,PAN,2,1,friendly,2024
MEX,USA,2,0,friendly,2024
SCO,POR,0,0,competitive,2024
URU,ECU,0,0,qualifier,2024
IRN,QAT,4,1,qualifier,2024
KOR,IRQ,3,2,qualifier,2024
JPN,AUS,1,1,qualifier,2024
PAR,ARG,2,1,qualifier,2024
QAT,UZB,3,2,qualifier,2024
IRQ,JOR,0,0,qualifier,2024
AUS,KSA,0,0,qualifier,2024
SCO,CRO,1,0,competitive,2024
URU,COL,3,2,qualifier,2024
CPV,EGY,1,1,qualifier,2024
GER,BIH,7,0,competitive,2024
CRO,POR,1,1,competitive,2024
ESP,SUI,3,2,competitive,2024
BIH,NED,1,1,competitive,2024
COL,ECU,0,1,qualifier,2024
BRA,URU,1,1,qualifier,2024
IRQ,KSA,1,3,competitive,2024
UZB,JOR,0,0,friendly,2025
CAN,MEX,0,2,competitive,2025
USA,PAN,0,1,competitive,2025
CRO,FRA,2,0,competitive,2025
NED,ESP,2,2,competitive,2025
BRA,COL,2,1,qualifier,2025
URU,ARG,0,1,qualifier,2025
USA,CAN,1,2,competitive,2025
PAN,MEX,1,2,competitive,2025
FRA,CRO,2,0,competitive,2025
ESP,NED,3,3,competitive,2025
COL,PAR,2,2,qualifier,2025
ARG,BRA,4,1,qualifier,2025
IRN,UZB,2,2,qualifier,2025
KOR,JOR,1,1,qualifier,2025
JPN,KSA,0,0,qualifier,2025
KSA,JOR,2,0,friendly,2025
GER,POR,1,2,competitive,2025
ESP,FRA,5,4,competitive,2025
ECU,BRA,0,0,qualifier,2025
PAR,URU,2,0,qualifier,2025
QAT,IRN,1,0,qualifier,2025
IRQ,KOR,0,2,qualifier,2025
AUS,JPN,1,0,qualifier,2025
MAR,TUN,2,0,friendly,2025
MEX,SUI,2,4,friendly,2025
USA,TUR,1,2,friendly,2025
CIV,NZL,0,1,competitive,2025
GER,FRA,0,2,competitive,2025
POR,ESP,2,2,competitive,2025
CRO,CZE,5,1,qualifier,2025
ENG,SEN,1,3,friendly,2025
MEX,TUR,1,0,friendly,2025
SWE,ALG,4,3,friendly,2025
USA,SUI,0,4,friendly,2025
ARG,COL,1,1,qualifier,2025
BRA,PAR,1,0,qualifier,2025
UZB,QAT,3,0,qualifier,2025
JOR,IRQ,0,1,qualifier,2025
KSA,AUS,1,2,qualifier,2025
CAN,CIV,0,0,competitive,2025
HAI,CUW,1,5,qualifier,2025
HAI,KSA,0,1,competitive,2025
USA,KSA,1,0,competitive,2025
CUW,CAN,1,1,competitive,2025
USA,HAI,2,1,competitive,2025
MEX,KSA,2,0,competitive,2025
USA,MEX,1,2,competitive,2025
PAR,ECU,0,0,qualifier,2025
AUS,NZL,1,0,competitive,2025
MEX,JPN,0,0,friendly,2025
USA,KOR,0,2,friendly,2025
TUR,ESP,0,6,qualifier,2025
CZE,KSA,1,1,friendly,2025
MEX,KOR,2,2,friendly,2025
NZL,AUS,1,3,competitive,2025
USA,JPN,2,0,friendly,2025
ECU,ARG,1,0,qualifier,2025
COD,SEN,2,3,qualifier,2025
BIH,AUT,1,2,qualifier,2025
CZE,CRO,0,0,qualifier,2025
CAN,AUS,0,1,friendly,2025
JPN,PAR,2,2,competitive,2025
KOR,BRA,0,5,friendly,2025
USA,ECU,1,1,friendly,2025
SWE,SUI,0,2,qualifier,2025
MEX,COL,0,4,friendly,2025
UZB,URU,1,2,friendly,2025
JPN,BRA,3,2,competitive,2025
CAN,COL,0,0,friendly,2025
KOR,PAR,2,0,friendly,2025
MEX,ECU,1,1,friendly,2025
NOR,NZL,1,1,friendly,2025
USA,AUS,2,1,friendly,2025
KSA,IRQ,0,0,qualifier,2025
CAN,ECU,0,0,friendly,2025
IRN,CPV,0,0,competitive,2025
JPN,GHA,2,0,competitive,2025
KSA,CIV,1,0,friendly,2025
TUN,JOR,3,2,friendly,2025
UZB,EGY,2,0,competitive,2025
BRA,SEN,2,0,friendly,2025
COL,NZL,2,1,friendly,2025
MEX,URU,0,0,friendly,2025
USA,PAR,2,1,friendly,2025
SUI,SWE,4,1,qualifier,2025
CPV,EGY,1,1,competitive,2025
KSA,ALG,0,2,friendly,2025
BRA,TUN,1,1,friendly,2025
COL,AUS,3,0,friendly,2025
ECU,NZL,2,0,friendly,2025
KOR,GHA,1,0,friendly,2025
MEX,PAR,1,2,friendly,2025
USA,URU,5,1,friendly,2025
ESP,TUR,2,2,qualifier,2025
AUT,BIH,1,1,qualifier,2025
IRN,UZB,0,0,competitive,2025
QAT,TUN,0,3,competitive,2025
MAR,KSA,1,0,competitive,2025
EGY,JOR,0,3,competitive,2025
ALG,IRQ,2,0,competitive,2025
JOR,IRQ,1,0,competitive,2025
KSA,JOR,0,1,competitive,2025
JOR,MAR,2,3,competitive,2025
EGY,RSA,1,0,competitive,2025
SEN,COD,1,1,competitive,2025
ALG,COD,1,0,competitive,2026
EGY,CIV,3,2,competitive,2026
SEN,EGY,1,0,competitive,2026
MAR,SEN,3,0,competitive,2026
PAN,MEX,0,1,friendly,2026
BRA,FRA,1,2,friendly,2026
COL,CRO,1,2,friendly,2026
AUT,GHA,5,1,friendly,2026
ENG,URU,1,1,friendly,2026
MAR,ECU,1,1,friendly,2026
NED,NOR,2,1,friendly,2026
KSA,EGY,0,4,friendly,2026
RSA,PAN,1,1,friendly,2026
SUI,GER,3,4,friendly,2026
HAI,TUN,0,1,friendly,2026
CIV,KOR,4,0,friendly,2026
MEX,POR,0,0,friendly,2026
SCO,JPN,0,1,friendly,2026
USA,BEL,2,5,friendly,2026
COL,FRA,1,3,friendly,2026
GER,GHA,2,1,friendly,2026
ALG,URU,0,0,friendly,2026
AUT,KOR,1,0,friendly,2026
BRA,CRO,3,1,friendly,2026
CAN,TUN,0,0,friendly,2026
ENG,JPN,0,1,friendly,2026
CIV,SCO,1,0,friendly,2026
MEX,BEL,1,1,friendly,2026
MAR,PAR,2,1,friendly,2026
NED,ECU,1,1,friendly,2026
NOR,SUI,0,0,friendly,2026
RSA,PAN,1,2,friendly,2026
ESP,EGY,0,0,friendly,2026
USA,POR,0,2,friendly,2026
AUS,CUW,5,1,competitive,2026
MEX,GHA,2,0,friendly,2026
ECU,KSA,2,1,friendly,2026
MEX,AUS,1,0,friendly,2026
SCO,CUW,4,1,friendly,2026
BRA,PAN,6,2,friendly,2026
SUI,JOR,4,1,friendly,2026
USA,SEN,3,2,friendly,2026
AUT,TUN,1,0,friendly,2026
CAN,UZB,2,0,friendly,2026
NOR,SWE,3,1,friendly,2026
CRO,BEL,0,2,friendly,2026
HAI,NZL,4,0,friendly,2026
NED,ALG,0,1,friendly,2026
FRA,CIV,1,2,friendly,2026
ESP,IRQ,1,1,friendly,2026
AUS,SUI,1,1,friendly,2026
BEL,TUN,5,0,friendly,2026
BRA,EGY,2,1,friendly,2026
ENG,NZL,1,0,friendly,2026
PAN,BIH,1,1,friendly,2026
USA,GER,1,2,friendly,2026
